acl	2.4.0-1	core/acl-2.4.0-1-aarch64.pkg.tar.xz	143708	8d400d781a3fd765f0f7c98183492850f830da3d3efb05518b5927b446387350
adwaita-cursors	50.0-1	extra/adwaita-cursors-50.0-1-any.pkg.tar.xz	296020	03657631b3a079320e349715a63f5c7fcb4489062fa4c5c2bf5428455f2373c3
adwaita-fonts	51.0-2	extra/adwaita-fonts-51.0-2-any.pkg.tar.xz	2038816	3a6f361315f4a2361a4f8f5776ba35578bad70b52fbd61331ec51db071bc893b
adwaita-icon-theme	50.0-1	extra/adwaita-icon-theme-50.0-1-any.pkg.tar.xz	202236	96795f6176aac91304c061b06f5afdc08fa65ad2c5675cf9924eeaf023481afc
adwaita-icon-theme-legacy	46.2-3	extra/adwaita-icon-theme-legacy-46.2-3-any.pkg.tar.xz	2275500	bee29029e278e70571e3dc30112f18bbe046af8a66feea0af79c4f8978ad979d
alsa-lib	1.2.16.1-1	extra/alsa-lib-1.2.16.1-1-aarch64.pkg.tar.xz	471232	fe32910ecf90d24b4662b9d437b3ac8f638786eef3719b558f7f98dc9e299a16
alsa-topology-conf	1.2.5.1-4	extra/alsa-topology-conf-1.2.5.1-4-any.pkg.tar.xz	13528	fc04bacda1d93b22135985a71f0f73a8df57880d4d7f03c3368e5717a917d4cf
alsa-ucm-conf	1.2.16.1-1	extra/alsa-ucm-conf-1.2.16.1-1-any.pkg.tar.xz	130876	7c8748eb29e8bdd1632071410aab1ed19edc0f48ffbe47375a51b5a4bdef8db8
aom	3.15.1-1	extra/aom-3.15.1-1-aarch64.pkg.tar.xz	2681636	a51eacab5df0214751652c47e3b5253474eaf828360239548c0c59ebba5e34bc
at-spi2-core	2.60.7-1	extra/at-spi2-core-2.60.7-1-aarch64.pkg.tar.xz	548976	5fec9625acccd39bd063d4c9f37365cc099070e5abef9eb889e3bbe0a04d32b8
attr	2.6.0-1	core/attr-2.6.0-1-aarch64.pkg.tar.xz	69708	7d0a27bb1761e2b5c329da6fee515af4d174869f303009283fbc6b74497d267c
audit	4.2.1-1	core/audit-4.2.1-1-aarch64.pkg.tar.xz	382336	f2535b990835b668f1c587586617f3663ef33dd495bef14a9be5d680a58bda43
avahi	1:0.9rc5-1	extra/avahi-1:0.9rc5-1-aarch64.pkg.tar.xz	413888	cc5397663792b8a6aeeb8879d44020e21f7dc8f3889e4bcab25cb976b0033481
bash	5.3.20-1	core/bash-5.3.20-1-aarch64.pkg.tar.xz	1825508	e660aa3506d29ba0284c97467712ca6cbcf261bb5bc5917e14c96462aad186d6
brotli	1.2.0-1	core/brotli-1.2.0-1-aarch64.pkg.tar.xz	392180	5bc65da23452fe0408341a1c626c9a322ffb0890bcf83aae9902fd6092213356
bubblewrap	0.13.0-1	extra/bubblewrap-0.13.0-1-aarch64.pkg.tar.xz	40428	4866e25c5a7c33c3ded9f221058b5f4136cdbd991f3dc77a2f7a740368c95a61
bzip2	1.0.8-6	core/bzip2-1.0.8-6-aarch64.pkg.tar.xz	56252	b11f21c0bc3d1193dd02040644cd604d49cc89184db1b7bc76a623532fcb0dcb
ca-certificates	20240618-1	core/ca-certificates-20240618-1-any.pkg.tar.xz	2152	09cfa7af79ca8120572e737c34080580ddc50c5e33a03a686c5c55032f02b575
ca-certificates-mozilla	3.130-1	core/ca-certificates-mozilla-3.130-1-aarch64.pkg.tar.xz	380084	7f38d421df3dd349f3300c0daab1bf9b9d3e5c96642a4f10254e045e9c5d0a4c
ca-certificates-utils	20240618-1	core/ca-certificates-utils-20240618-1-any.pkg.tar.xz	10884	c60483cb5fb3002acfe4cbee8966e9c13936ea9bff3db9db360d8d638f013c8b
cairo	1.18.6-1	extra/cairo-1.18.6-1-aarch64.pkg.tar.xz	581820	8c5a5c0470ff369386a3597d1e414c79c951a18d03313c162e5fff3d91989773
coreutils	9.12-2	core/coreutils-9.12-2-aarch64.pkg.tar.xz	2854560	855b6439cc94fe5d0a3b1428e63ca785c0fa83135e0c0d59277d704d8f4dd647
curl	8.22.0-1	core/curl-8.22.0-1-aarch64.pkg.tar.xz	1281188	5461bb97fca88b237d17db833622789eedca390634a6d2fb2e3b71287e52acb2
dash	0.5.13.4-1	core/dash-0.5.13.4-1-aarch64.pkg.tar.xz	86396	9601d150e5b36782cf73dbfc2d82b5bfd400697990ab9f8d1e30fd61bc517434
dav1d	1.5.4-1	extra/dav1d-1.5.4-1-aarch64.pkg.tar.xz	343120	1bacfe3c1125b7fe32d9fd9cce8fa48fd93aa0daf43608c2f92e6c1418ab9aeb
dbus	1.16.2-1	core/dbus-1.16.2-1-aarch64.pkg.tar.xz	301132	1aa0bc2be4fa083ec0cb678f05223f55b0c8e498351ad781dc4b7a0987b62bcc
dconf	0.49.0-1	extra/dconf-0.49.0-1-aarch64.pkg.tar.xz	104892	6acbf52ddd162c5078c3ce0d75acebfe7dbad32e918e46087f399c131b17ceab
default-cursors	3-1	extra/default-cursors-3-1-any.pkg.tar.xz	2412	19a87290af8829271e9670576096b08b9262d8fac1e3deb4167d7cd3d3ae1830
desktop-file-utils	0.28-1	extra/desktop-file-utils-0.28-1-aarch64.pkg.tar.xz	44376	89d97b1e9e0c265da1bf9120f39fb78122f4eb221dd1e5956b8d64326cf72eca
duktape	2.7.0-7	extra/duktape-2.7.0-7-aarch64.pkg.tar.xz	163804	1e3c597a3290017cfef0aec1300fc9a4212a5af3680857807431bf881f3cf64d
e2fsprogs	1.47.4-1	core/e2fsprogs-1.47.4-1-aarch64.pkg.tar.xz	1195448	153046071f8abf1caf546a0352c7d268fb07a5b0ba0abd996de382adc8692842
expat	2.8.5-1	core/expat-2.8.5-1-aarch64.pkg.tar.xz	117648	51e735455d69e6d489a0d955955de3c7135cb1837e76fa490c4b19c97d598ee0
file	5.48-1	core/file-5.48-1-aarch64.pkg.tar.xz	431204	252f52d77890f17c8321d26f9ddefcbb34aef7f4e8b701c6bfea1e81a5f0bc88
filesystem	2025.10.12-1	core/filesystem-2025.10.12-1-any.pkg.tar.xz	14864	228b63ef4a88501a68856231a19325a1ad31d92016a692d0a8be181edc70703f
findutils	4.11.0-1	core/findutils-4.11.0-1-aarch64.pkg.tar.xz	509248	83bacaa55d1b28e5d800adf969221458695f0eb5cf7d300e2cb26a7b78f9c321
flac	1.5.0-1	extra/flac-1.5.0-1-aarch64.pkg.tar.xz	276816	100b54b7c4efbb41f1f18a560825477f9f403b6996a226dd86ca5227f0a6b83e
fontconfig	2:2.18.3-2	extra/fontconfig-2:2.18.3-2-aarch64.pkg.tar.xz	385820	8f3bf0609eb73b15526179357e139441bf1a9a502c3b948f0925e9b1b586129a
freetype2	2.14.3-1	extra/freetype2-2.14.3-1-aarch64.pkg.tar.xz	487400	080b6aa7827298e5b92800229d76689e0dbff08cd96690ae75e8feedf6a9ae5d
fribidi	1.0.17-1	extra/fribidi-1.0.17-1-aarch64.pkg.tar.xz	73788	44f00133167fba3debb1afae29ccb23e9abbada84c32b3580dbc33b2e3b53f09
gamescope	3.16.31-1	extra/gamescope-3.16.31-1-aarch64.pkg.tar.xz	1334428	fcff9b9317e1f3361bf5c46ebcaffb440dbdf5cf1495a7bd1e2c37fe43bfc2c3
gawk	5.4.1-1	core/gawk-5.4.1-1-aarch64.pkg.tar.xz	1450720	340dcceea87ca9274cf7e6597b8c87aa495b4cdcb9470dc9ef4428a27612d6ca
gcc-libs	16.1.1+r12+g301eb08fa2c5-1	core/gcc-libs-16.1.1+r12+g301eb08fa2c5-1-aarch64.pkg.tar.xz	2552	28dc936393f6ba45fee433a58fb1c6c0648aa4500131087fded719c22e2fc222
gdbm	1.26-2	core/gdbm-1.26-2-aarch64.pkg.tar.xz	246820	123df7945d23eb31262dc108bdf057b74cd93f13e782b99dfe077c51daabd222
gdk-pixbuf2	2.44.6-2	extra/gdk-pixbuf2-2.44.6-2-aarch64.pkg.tar.xz	446168	b82777737dc0bd778040595ef78f73b9f03c06f4e45320490f5dbf80e393b657
giflib	6.1.3-2	extra/giflib-6.1.3-2-aarch64.pkg.tar.xz	85008	e76eb0af39d3d9bb7a5f792d3040c7524c49bbe69395df54e4193a4510ed2e87
glib-networking	1:2.80.1-1	extra/glib-networking-1:2.80.1-1-aarch64.pkg.tar.xz	133624	d87397c1f18ee54a993b4c35761cf2dca40d4095092714970237d3a6b3c02d31
glib2	2.88.3-1	core/glib2-2.88.3-1-aarch64.pkg.tar.xz	4892752	a1498d94c3ff5e52ea157a09bb55bceaa7f94e47ded7c74ac5611d0e0b9b5ec8
glibc	2.43+r22+g8362e8ce10b2-2	core/glibc-2.43+r22+g8362e8ce10b2-2-aarch64.pkg.tar.xz	9676568	8fac217e98c6e4342326726b2640ac254e8c82032f06f30bfa13ebbcc4fcb25b
glycin	2.1.5-2	extra/glycin-2.1.5-2-aarch64.pkg.tar.xz	3357200	4e81cfef254f37e444a35c15d023f2fcdbd1586e8b48f47899ed9d81c52e9f4c
gmp	6.3.0-3	core/gmp-6.3.0-3-aarch64.pkg.tar.xz	380364	720607bed2249dd8cd0304b6cf4102884fa2ca24c21444f007bc12af542ea6c5
gnutls	3.8.13-3	core/gnutls-3.8.13-3-aarch64.pkg.tar.xz	1727672	aa74e78dc3f954e2b5399e1da8f89e926190aa64ffd57cf30006b3c1e2e037b1
gperftools	2.18.1-1	extra/gperftools-2.18.1-1-aarch64.pkg.tar.xz	469944	3cc5b9b683c6c783694759b2de1c618d7c20c3a36e9d8cb29eeeb0ca20fe8bbc
graphite	1:1.3.15-1	extra/graphite-1:1.3.15-1-aarch64.pkg.tar.xz	80168	87c700c71585c7f44f951928184deb690a78d39ad36ea9b6c07c59d7592e4c92
grep	3.12-2	core/grep-3.12-2-aarch64.pkg.tar.xz	225556	7578277966710eeba59f82665ab6f33984ca11d6c2ab74deccc6f681d61c2027
gsettings-desktop-schemas	50.1-1	extra/gsettings-desktop-schemas-50.1-1-any.pkg.tar.xz	775924	f1168df169d0166adc756205be0c202f939d0845209c7e8010e452760e18bb26
gsettings-system-schemas	50.1-1	extra/gsettings-system-schemas-50.1-1-any.pkg.tar.xz	6028	790657e711431d6d1adb6977625d59591f4ff2e29e815e334063b602b620fec6
gtest	1.18.0-1	extra/gtest-1.18.0-1-aarch64.pkg.tar.xz	362640	b89d9d236da04689bf776e8639976a7568957ea4cd11b5035204daf5211f3d7a
gtk-update-icon-cache	1:4.22.5-1	extra/gtk-update-icon-cache-1:4.22.5-1-aarch64.pkg.tar.xz	16948	4d38d1805acf0ee2b90cfd8ebbe7bd48317d795168741d6ce1a1aa9456f85d73
gtk3	1:3.24.52-1	extra/gtk3-1:3.24.52-1-aarch64.pkg.tar.xz	8759344	bad14c1e2e4fa9cd662a501d400a3b74858ae5721e28ca42257fdbd7fe632944
gzip	1.15-1	core/gzip-1.15-1-aarch64.pkg.tar.xz	88052	d92848bfc4994638a500ebb761a9a568017bd0e4104ce80c506a3ee95ad93d0f
harfbuzz	14.5.0-1	extra/harfbuzz-14.5.0-1-aarch64.pkg.tar.xz	1322464	fcd8e850bdc41268a5d4d9c2de98b5c38f80c889ba5faace7351470f6bf4b622
hicolor-icon-theme	0.18-1	extra/hicolor-icon-theme-0.18-1-any.pkg.tar.xz	12320	cdba2a3dba1dc73a10a1e2a4ac0da06deafa92ac243d81e127a1fcdafbe4a588
hidapi	0.15.0-1	extra/hidapi-0.15.0-1-aarch64.pkg.tar.xz	42400	3c29d538838d3cedfaee37291cc139ffe07e9a9cd8da1c24ed8e58da5febd670
highway	1.4.0-1	extra/highway-1.4.0-1-aarch64.pkg.tar.xz	737544	5679e47d31ae1ecca8b7e18b9a24ce6027ca333c42d9283bbd30ea7fa672ba8f
iana-etc	20260617-1	core/iana-etc-20260617-1-any.pkg.tar.xz	394152	09fced67d5a7e1e2380fe5aaf0ff257aff8a6866e87f3388f506e379c5ed01b5
icu	78.3-1	core/icu-78.3-1-aarch64.pkg.tar.xz	10800876	314cb2fecde9fd2a64ca9b6652c4c0e517bec0dceeafaf7e6a0cd578c607357f
iso-codes	4.20.1-1	extra/iso-codes-4.20.1-1-any.pkg.tar.xz	3307468	ca93043c3b5fe05f1f3886b3ad7ad5a68964303971edae967a8a82e8b850d010
jbigkit	2.1-8	extra/jbigkit-2.1-8-aarch64.pkg.tar.xz	48816	ecaddb099f4a1f1bcbc1497fd0f3dc98581552b9eacaa17c5568211c38bec1db
json-c	0.19-1	core/json-c-0.19-1-aarch64.pkg.tar.xz	58664	233dd80f44789cd2581ea7879593d230b5a322559cdde43ce73c9719cd7e19c6
json-glib	1.10.8-1	extra/json-glib-1.10.8-1-aarch64.pkg.tar.xz	161472	dc2a5ff08d3d7c8fcadeb820411aa31d5f1522e425045f6408fbf134db817d85
keyutils	1.6.3-4	core/keyutils-1.6.3-4-aarch64.pkg.tar.xz	102664	7ee05c67895771b838dc035219290095e79866c61ce63bd726b002df7dfbfdd5
krb5	1.22.2-1	core/krb5-1.22.2-1-aarch64.pkg.tar.xz	1257028	8b4e743a45590b49ea98a16b3ce339a663908bf67eb3a3965374aabac3c69511
lame	4.0-1	extra/lame-4.0-1-aarch64.pkg.tar.xz	252564	38f9981bc4f9ecb5d42263ea5a2f9c19531364d57b3b34b0bfa6e8d9601fc24f
lcms2	2.19.1-1	extra/lcms2-2.19.1-1-aarch64.pkg.tar.xz	205460	5f93d01820b4e1a463f3cb11e19916bb3761b4faca20d4e1f0854329ba3f46f8
leancrypto	1.9.0-1	core/leancrypto-1.9.0-1-aarch64.pkg.tar.xz	1341472	c501e72589c91225a13a2395e3acc53ed532486134ad8fde3574b2092c74fb4b
libasan	16.1.1+r12+g301eb08fa2c5-1	core/libasan-16.1.1+r12+g301eb08fa2c5-1-aarch64.pkg.tar.xz	408016	246617f4696ca770e4b36c7ceac2849517a68e19b5d5875a11d6844e212a1b83
libasyncns	1:0.8+r3+g68cd5af-3	extra/libasyncns-1:0.8+r3+g68cd5af-3-aarch64.pkg.tar.xz	16156	6a06c61c24a5e1c032a62fff088644ea78462c34b6efb2536076506142adba4a
libatomic	16.1.1+r12+g301eb08fa2c5-1	core/libatomic-16.1.1+r12+g301eb08fa2c5-1-aarch64.pkg.tar.xz	12944	7eae53e2e1a42ebc21d78eb923f9e249a4008098473c61a3d9db1c7fb5de36d3
libavif	1.4.2-1	extra/libavif-1.4.2-1-aarch64.pkg.tar.xz	273668	266d75081a73bf1ac3ac573a81462adf39469d1533884fc5da7900ad8db37bb8
libcap	2.78-1	core/libcap-2.78-1-aarch64.pkg.tar.xz	715424	828383fe196cb3bbd4ea0a7cb4385e8184ea8b281b8833eee613837eda507643
libcap-ng	0.9.6-1	core/libcap-ng-0.9.6-1-aarch64.pkg.tar.xz	68624	969fcda6dd3b20850288dd7f2a26f22554e2e99dcee5bcff838f7587dc8b15cb
libcloudproviders	0.4.1-1	extra/libcloudproviders-0.4.1-1-aarch64.pkg.tar.xz	44368	83dfe6750ccad57d0e453cd6df7dd4263ec3cd3362ae26db126a820ff829fd3f
libcolord	1.4.8-1	extra/libcolord-1.4.8-1-aarch64.pkg.tar.xz	169748	79b5775b226ec0974454621e527094f0d59e7e5017b2c31c07871354de8fda0f
libcups	2:2.4.19-1	extra/libcups-2:2.4.19-1-aarch64.pkg.tar.xz	257944	3b5a82439605980365feb637ffc5db67b9df418017a9f19b20f44404fe8a628b
libdaemon	0.14-6	extra/libdaemon-0.14-6-aarch64.pkg.tar.xz	19340	b96e8eb1604bf7901feb1addd2882cce2f366b504d919c9fc28a53f8c240243b
libdatrie	0.2.14-1	extra/libdatrie-0.2.14-1-aarch64.pkg.tar.xz	109632	13f6aeb32f57d91c59ca68ce21abce48353081e886d3e8c2d89d5884b1f4b969
libdecor	0.2.5-1	extra/libdecor-0.2.5-1-aarch64.pkg.tar.xz	42288	af8fc60c81c611bc74935468fb99b6651f69a1cdf67a7f84eb09fee6fb664016
libdeflate	1.26-1	extra/libdeflate-1.26-1-aarch64.pkg.tar.xz	56044	d8798122abe2cdc8f496d7a65904b6c14bfcd4448d31a47629aaeb021d1134e9
libdrm	2.4.134-1	extra/libdrm-2.4.134-1-aarch64.pkg.tar.xz	400060	d4173d7adc60d32d389e44e976447962c31bc23ff9a2153539bd8ad766e307b8
libedit	20260512_3.1-1	core/libedit-20260512_3.1-1-aarch64.pkg.tar.xz	107492	9900ef2ce4c8bddc1066a89951ff0e0dead005f168a9ac402ac487047961f2e5
libei	1.6.0-1	extra/libei-1.6.0-1-aarch64.pkg.tar.xz	107216	a09e6322764d03ed4dd9bc968d8fd22f9833ab859ce9316eeb496522ac0edb45
libelf	0.196-1	core/libelf-0.196-1-aarch64.pkg.tar.xz	577236	a8f417d24a297384b27935381a0a4f892b121956066c09a3c9cd1e3a47c6d214
libepoxy	1.5.10-3	extra/libepoxy-1.5.10-3-aarch64.pkg.tar.xz	305076	8bb73da9e2df09cf7798904a8709dfb49826a7a9c593a166cddd4a891a280724
libevdev	1.13.7-1	extra/libevdev-1.13.7-1-aarch64.pkg.tar.xz	59144	66e217a86abda724b5335341b1272da42c1f1b2f022dc3c51c088ee7cf9c7fdf
libevent	2.1.13-2	core/libevent-2.1.13-2-aarch64.pkg.tar.xz	245152	616950e746a507c7371d6643249e7dbb96934612c0cf0df8760acedd94411183
libffi	3.8.0-1	core/libffi-3.8.0-1-aarch64.pkg.tar.xz	51464	dfece459e053d53a5a7fdfbb2caf1b0fa662470220f86615a7789eba8571c0ff
libfontenc	1.1.9-1	extra/libfontenc-1.1.9-1-aarch64.pkg.tar.xz	14732	e42320161bec71bafa2243ff203fa8a3306b0a0f91e90dd89291b093340ab1fc
libgcc	16.1.1+r12+g301eb08fa2c5-1	core/libgcc-16.1.1+r12+g301eb08fa2c5-1-aarch64.pkg.tar.xz	55204	0f98bdf94a6e2f6758b9ffe98cbc9391a109326ed23bd264cabe0a81a04d7ae4
libgcrypt	1.12.4-1	core/libgcrypt-1.12.4-1-aarch64.pkg.tar.xz	598400	f1401f6381963b666109465ccc88dace60af7aa0d912aa04ca8c905e02f57394
libgfortran	16.1.1+r12+g301eb08fa2c5-1	core/libgfortran-16.1.1+r12+g301eb08fa2c5-1-aarch64.pkg.tar.xz	387916	08b86638b136c637713115b5de78e04fb25310eaf16fe4db21a16510c591cc12
libglvnd	1.7.0-3	extra/libglvnd-1.7.0-3-aarch64.pkg.tar.xz	315240	5a163e41583346b55f25de580e10c2edb31f5c8662667531d0e476b7b1336338
libgomp	16.1.1+r12+g301eb08fa2c5-1	core/libgomp-16.1.1+r12+g301eb08fa2c5-1-aarch64.pkg.tar.xz	212292	117e58e103b45888561d7e39b69b5632ee16ac0b2e6e36c6f91f51f70ff85183
libgpg-error	1.61-1	core/libgpg-error-1.61-1-aarch64.pkg.tar.xz	254104	e6ea4251e2d6919f861a08ac09b2c72a6a687e208a495341893dba5839b00b5d
libgudev	238-3	extra/libgudev-238-3-aarch64.pkg.tar.xz	42040	54ad35f53e669683ef336aec62c9173b343b51efd4b6a7d3eb022708c1dc3c7e
libibus	1.5.34-1	extra/libibus-1.5.34-1-aarch64.pkg.tar.xz	407956	f1f7a63d078d700c7a1e28d2388c233fedea20ab55739bd4d7d02b1800c921f9
libice	1.1.2-1	extra/libice-1.1.2-1-aarch64.pkg.tar.xz	75552	a4ad016e993915e0aba8037ef0b9602ee55d9198b115c5d76a3397a4dda3c846
libidn2	2.3.8-1	core/libidn2-2.3.8-1-aarch64.pkg.tar.xz	146036	43224d721d0afb6bc99af5c7a546dd0c7cff44b597224fc5f5f8d6c5a7c14d89
libinput	1.32.0-1	extra/libinput-1.32.0-1-aarch64.pkg.tar.xz	212372	defd6b2c7e9e5b9b2089eca649573c481be8b6066051353227190d723f299cc5
libjpeg-turbo	3.2.0-2	extra/libjpeg-turbo-3.2.0-2-aarch64.pkg.tar.xz	503296	fd1cd460ef3a4bbeb1a660f9f4bbacd09d6dd817a10f0300891a6a552fddb5ec
libjxl	0.12.0-1	extra/libjxl-0.12.0-1-aarch64.pkg.tar.xz	1243932	fb4a1fdfb0fe1e8434578abcd6c6e84d4e89a9bdb2ed44334f0a1a7a94306c45
libldap	2.7.1-1	core/libldap-2.7.1-1-aarch64.pkg.tar.xz	263796	09423337d9311f65e2cdd298ff7a2bbfbfdd7f5cbccfc21e42d8b82de669c737
liblsan	16.1.1+r12+g301eb08fa2c5-1	core/liblsan-16.1.1+r12+g301eb08fa2c5-1-aarch64.pkg.tar.xz	193756	4e109ab2ab62d922bd3453593f5c8824cadbdf445c4a37000c2636f272e05c78
libnghttp2	1.70.0-1	core/libnghttp2-1.70.0-1-aarch64.pkg.tar.xz	95812	4d7fdbd963e5ff7a293079e35750cbd535ad846581e1a7926035b34968b40c0e
libnghttp3	1.18.0-1	core/libnghttp3-1.18.0-1-aarch64.pkg.tar.xz	79488	b5eb225b96c3c3fcb33c8715b9987b9eaff742214964662befbc88df4d5bea65
libngtcp2	1.25.0-1	core/libngtcp2-1.25.0-1-aarch64.pkg.tar.xz	185240	f69a124bd047616904c7e6bb980b8d3fec0a3550b5e35f1b7097b7645dfc5116
libnm	1.58.1-1	extra/libnm-1.58.1-1-aarch64.pkg.tar.xz	865536	9219404664cc04bcb9575f9a16d2eeb13f7aeaa062c601623a2c4c4571fb3013
libnsl	2.0.1-2	core/libnsl-2.0.1-2-aarch64.pkg.tar.xz	21044	4f37f2ed67a79d76458e3af7b8bcdb0fef0cf35e0ba71569b7fbb0388d592619
libobjc	16.1.1+r12+g301eb08fa2c5-1	core/libobjc-16.1.1+r12+g301eb08fa2c5-1-aarch64.pkg.tar.xz	33740	61742f90c1cc572aed5c1f0068387a4e860e6a779e89e9fd1b1b3a7e61fb1c1c
libogg	1.3.6-1	extra/libogg-1.3.6-1-aarch64.pkg.tar.xz	199192	91a402c06a669649cf463d17788fcd67c1993489008116193a900b19a7ada75e
libp11-kit	0.26.5-1	core/libp11-kit-0.26.5-1-aarch64.pkg.tar.xz	416988	0d8da62f6e0fb213858619d928b4b25afb9e783b8285dfdfbef54339584b35ef
libpciaccess	0.19-1	extra/libpciaccess-0.19-1-aarch64.pkg.tar.xz	20856	d490a86384c25a9258e7eec84f5eaceca072e6ca45c37972e12f6e8a3da3766d
libpipewire	1:1.6.9-1	extra/libpipewire-1:1.6.9-1-aarch64.pkg.tar.xz	1366556	21e81a38ea0217e0b0675b00c1c98bb547098f00d689201a27c34824e442d66e
libpng	1.6.59-1	extra/libpng-1.6.59-1-aarch64.pkg.tar.xz	238992	6265adc1c9ec9f3cb6dc3393ea90e6d8e934e99291ce4fbf5affe3ea1b9370fc
libproxy	0.5.12-1	extra/libproxy-0.5.12-1-aarch64.pkg.tar.xz	27912	071afd9aaa0dc6f45f5e81e51c9122aacfadf85726962d013fdecb67cbfcec9b
libpsl	0.21.5-2	core/libpsl-0.21.5-2-aarch64.pkg.tar.xz	84892	8b565fcb0128be8c4c16ab82b3f9379348db6aeeffc3c639937eeedbe00fa500
libpulse	17.0+r98+gb096704c0-1	extra/libpulse-17.0+r98+gb096704c0-1-aarch64.pkg.tar.xz	346904	f6ba952dd3e9cc914cbb78f06ab5c6daaebaa115438238c06dbe42dfa71160d2
libquadmath	16.1.1+r12+g301eb08fa2c5-1	core/libquadmath-16.1.1+r12+g301eb08fa2c5-1-aarch64.pkg.tar.xz	4168	d97f0d43fe0212774d591a6d43b05da78590e4261af71b7a1b26097e63dc57eb
librsvg	2:2.62.4-1	extra/librsvg-2:2.62.4-1-aarch64.pkg.tar.xz	2009068	3736a08753d4c45ae4add6fe291c50fbb20b785723f682db1bd1195cac54303d
libsasl	2.1.28-5	core/libsasl-2.1.28-5-aarch64.pkg.tar.xz	139992	5ec2f2ec119161f9e0f93a91f0f7001f9f401d5eb6dd1d7769988ee0308f92b2
libseccomp	2.6.0-1	core/libseccomp-2.6.0-1-aarch64.pkg.tar.xz	91404	ebb62cc156a605aa3f024a6d2c9dd99ba66db6f50d9aeb75b8bb336316f0a2f5
libsm	1.2.6-1	extra/libsm-1.2.6-1-aarch64.pkg.tar.xz	44556	023fe454c714f591cf3f6c1cf0fc07d61779d96b71836bffdd8e8b07536bfb8c
libsndfile	1.2.2-4	extra/libsndfile-1.2.2-4-aarch64.pkg.tar.xz	297312	5f8995bee55c37fff098d20cc61ca7b1b4a13c4bc2c1181aea493cc267154d61
libsoup3	3.6.6-2	extra/libsoup3-3.6.6-2-aarch64.pkg.tar.xz	377812	7f54f46c525ed976b98595b260512a8e0320570b7141a0a0e9b25eb22c879d76
libssh2	1.11.1-7	core/libssh2-1.11.1-7-aarch64.pkg.tar.xz	242204	cea0b5138a28b5b4d8eff76e2cc1665f030f109074d88c3962d19aa09921f3b3
libstdc++	16.1.1+r12+g301eb08fa2c5-1	core/libstdc++-16.1.1+r12+g301eb08fa2c5-1-aarch64.pkg.tar.xz	694148	19832a38b2c4820695d28289f1c4f371955586d39fb893d8cbc0d8dbb09a4383
libstemmer	3.1.1-1	extra/libstemmer-3.1.1-1-aarch64.pkg.tar.xz	125172	c5ab5687f090d94c15b7a4b7288a58e5bf826921ad9cffa8d85bad1ce31284ba
libsysprof-capture	50.0-6	extra/libsysprof-capture-50.0-6-aarch64.pkg.tar.xz	47420	b1f88290ba1971929b22783b78b9dbe7a01ade6271e95ddca1a9d224cb25713c
libtasn1	4.21.0-1	core/libtasn1-4.21.0-1-aarch64.pkg.tar.xz	132184	96ef7088790462586eec0b5ba2aacdcbd1fc71bfd2a6dbe8bd7c20b03ed298a8
libthai	0.1.30-1	extra/libthai-0.1.30-1-aarch64.pkg.tar.xz	252064	6bef55010b97524e3e2c7de4ec8834df5971eab8fe8ac4c5f2e88e42fad28524
libtiff	4.7.2-1	extra/libtiff-4.7.2-1-aarch64.pkg.tar.xz	354480	02a5d2d74019b39befd6cf63d9bde95a2d16f91b4d0d56939498375e0e491ffd
libtirpc	1.3.8-1	core/libtirpc-1.3.8-1-aarch64.pkg.tar.xz	171572	4b233a7e527e4874aa4622166333f13ba1a5da187f3a1d7a347f3895a8c360a4
libtsan	16.1.1+r12+g301eb08fa2c5-1	core/libtsan-16.1.1+r12+g301eb08fa2c5-1-aarch64.pkg.tar.xz	380256	8ac217aab99e465455309957031c4b058f37560be337a1fe1f2dac3ab9e0218d
libubsan	16.1.1+r12+g301eb08fa2c5-1	core/libubsan-16.1.1+r12+g301eb08fa2c5-1-aarch64.pkg.tar.xz	176464	6b0f5501898077d3f9533edf75aded85072890f85c1713fde79ed99230d8e5bb
libunistring	1.4.2-1	core/libunistring-1.4.2-1-aarch64.pkg.tar.xz	595644	106ac7728ff2cc498ffa49d7623e64cf9002eea15c5026ec54fab8cd6a294134
libunwind	1.8.3-1	extra/libunwind-1.8.3-1-aarch64.pkg.tar.xz	132712	3cdbe9df64c78d640327afcd6e8b89a3a1b03fbfe2c001abe0c40fff367c41e8
libusb	1.0.30-1	core/libusb-1.0.30-1-aarch64.pkg.tar.xz	74064	111d33e208469750439bbb7b472554784a39a6ee3948632b719fd715a1c5836d
libva	2.24.1-1	extra/libva-2.24.1-1-aarch64.pkg.tar.xz	193448	208f2b00046c22544855390ae9359ac59a13f375ab1d6d1e3f50ee875ae9db61
libverto	0.3.2-6	core/libverto-0.3.2-6-aarch64.pkg.tar.xz	18160	6b39f3feb66c1421dd4cfee2bbb339543db112c624a1eb8990ca9c9b36710dbc
libvorbis	1.3.7-4	extra/libvorbis-1.3.7-4-aarch64.pkg.tar.xz	168412	22d10826e1b2b72b1c5f69ba116e4a4840197d3f808c37bfa738f9dd8b493118
libwacom	2.20.0-1	extra/libwacom-2.20.0-1-aarch64.pkg.tar.xz	186028	65244f94217eb53ae252696e94edc8767a7f9e00d2923a15bdf2e79ec6a5aa32
libwebp	1.6.0-2	extra/libwebp-1.6.0-2-aarch64.pkg.tar.xz	239984	0fb38b71173ed214640ab0b6d5ad22d85f884f4d368ca9fef927b51ee43d0f9e
libx11	1.8.13-1	extra/libx11-1.8.13-1-aarch64.pkg.tar.xz	2011676	e68195a71049251a68c5073c2baebc0f2bba41dbdfada5a41dbbd28a37040f3c
libxau	1.0.12-1	extra/libxau-1.0.12-1-aarch64.pkg.tar.xz	11664	f9abaead8ca4f0d4f9a6e181c3fcad8f96ddb9cf1d75d1d82a81c0ca8ad08a50
libxcb	1.17.0-1	extra/libxcb-1.17.0-1-aarch64.pkg.tar.xz	996228	329a41249a09b4bb7f9b5f9694c1848c971188243cc1c0a479df4227800214c0
libxcomposite	0.4.7-1	extra/libxcomposite-0.4.7-1-aarch64.pkg.tar.xz	11676	37f2d1eb8e2eeef41c0b6cc290aba66ed1783ada5657801929d5390893383978
libxcrypt	4.5.2-1	core/libxcrypt-4.5.2-1-aarch64.pkg.tar.xz	89676	e699156589561ac0c6bfc7da42891e3945647ecdd178b907f7742696fb01a0c5
libxcursor	1.2.3-1	extra/libxcursor-1.2.3-1-aarch64.pkg.tar.xz	32412	9102597b8989250aa23379202a95ae15e2c7816e573d9bc81bc1bf4bc77b646f
libxcvt	0.1.3-1	extra/libxcvt-0.1.3-1-aarch64.pkg.tar.xz	10556	4eadab34ee20d01d83f4b46dc040ec0de0e468b754be0c184d55d8fddd966d8a
libxdamage	1.1.7-1	extra/libxdamage-1.1.7-1-aarch64.pkg.tar.xz	7376	c10d529d8e1eb9e518eea2249d4250ea8f7a711f9ec15a644164b94a6b554955
libxdmcp	1.1.5-2	extra/libxdmcp-1.1.5-2-aarch64.pkg.tar.xz	26648	aaf3575b4139a0ee675cbc15c03324d09892ded2188ac7cc326a8b36ef308496
libxext	1.3.7-1	extra/libxext-1.3.7-1-aarch64.pkg.tar.xz	103732	bff987768ac6bb9ed809d49f3c171c93ccf0c7264c59ec7b0940e844ba4e53ac
libxfixes	6.0.2-1	extra/libxfixes-6.0.2-1-aarch64.pkg.tar.xz	13844	be025023ed05babf0372515e8346128f5dd7eccd82fd51be6c3c88eb8881d7a2
libxfont2	2.0.9-1	extra/libxfont2-2.0.9-1-aarch64.pkg.tar.xz	88360	cc74f8a2d3377f068b5f3c35619e333c1a331254298625666eac84a533b30347
libxft	2.3.9-1	extra/libxft-2.3.9-1-aarch64.pkg.tar.xz	58276	30a770b25a75ff27cc96bf7b2c7fa8c022a6784786c1614a5a4564c86d1196af
libxi	1.8.3-1	extra/libxi-1.8.3-1-aarch64.pkg.tar.xz	151764	379cea947498145d31decca7a1beacec268cb24fb622a59f6dc49c23be793a22
libxinerama	1.1.6-1	extra/libxinerama-1.1.6-1-aarch64.pkg.tar.xz	9972	3a44bdcbc01e68437ea76c8746051586bfda37a36f2c0c5613844eebf9eafdad
libxkbcommon	1.13.2-1	extra/libxkbcommon-1.13.2-1-aarch64.pkg.tar.xz	263628	76b922d87d0af0011072b156464041ec5674f24ff1c78b7e85132fda72c9a7e7
libxkbfile	1.2.0-1	extra/libxkbfile-1.2.0-1-aarch64.pkg.tar.xz	69720	cb98c65dd555dc3bd7dfbeb2745966da3631be2ac218bcf234f73bdf6ea33deb
libxml2	2.15.4-1	core/libxml2-2.15.4-1-aarch64.pkg.tar.xz	694244	c86239f383dc47736c4f6851063fb034edcda5ed59c7cafbe694e5f65e2d0da0
libxmu	1.3.1-1	extra/libxmu-1.3.1-1-aarch64.pkg.tar.xz	72980	598e2e2422a1136171264744c54dd0d1e884a2c6c86d6850611c2128dc976362
libxrandr	1.5.5-1	extra/libxrandr-1.5.5-1-aarch64.pkg.tar.xz	25596	50ced1a5945e325ef28fd4a5f9ee3e45e49f538841271f49326916576213a5f3
libxrender	0.9.12-1	extra/libxrender-0.9.12-1-aarch64.pkg.tar.xz	27784	f5f344d116ff42b379c50ef595e7e9a3a6f7ed09357f8cd3acab90a3d11c9960
libxres	1.2.3-1	extra/libxres-1.2.3-1-aarch64.pkg.tar.xz	10404	82f5072392e9a8813c565d129e9c52bbf30abd654a859e13859ec4553b0a9fb8
libxshmfence	1.3.3-1	extra/libxshmfence-1.3.3-1-aarch64.pkg.tar.xz	6188	d137d6cc13a75284267cd56beabfde6094fb1a4f8fb373af555c2e47c0e6b636
libxt	1.3.1-1	extra/libxt-1.3.1-1-aarch64.pkg.tar.xz	519872	5361b689b6db0dffa3bc7131d45e29e3e291e7da93b00f3b2fe3ec688d84ff38
libxtst	1.2.5-1	extra/libxtst-1.2.5-1-aarch64.pkg.tar.xz	28736	3ca6270ff04330650205339e2726c23616b31468a493642ba3df74af050ae888
libxxf86vm	1.1.7-1	extra/libxxf86vm-1.1.7-1-aarch64.pkg.tar.xz	15016	9c07efd6fe6040a7e2d19af307c74d5f2235b6313e74710a29ecedb56f9a6ded
libyuv	r2921+644251f25-1	extra/libyuv-r2921+644251f25-1-aarch64.pkg.tar.xz	177656	fd92999ccf6f56257ff4bf196dd75d93c2be5801de89af244f4568a0757ce06b
linux-api-headers	7.2-1	core/linux-api-headers-7.2-1-aarch64.pkg.tar.xz	1509724	e03baabe6bbf49b65b394eb24629978bbb2094cd17b3fecd892a011041f9c24a
llvm-libs	22.1.8-2	extra/llvm-libs-22.1.8-2-aarch64.pkg.tar.xz	36838688	f3119b25813452a1cddd84ea985d7d76d9da41201b39e82f15cf23c2d3ed348e
lm_sensors	1:3.6.2-1	extra/lm_sensors-1:3.6.2-1-aarch64.pkg.tar.xz	125904	dc855daccb5fe4a7f89702db47bd3c53b3047dee8de92df2de975fe130985eb5
lmdb	0.9.35-1	extra/lmdb-0.9.35-1-aarch64.pkg.tar.xz	86632	6aff3bd58fbb98dbca71a83554be4b47d39ff01b3dbe4f724ba140416aa8486e
lua54	5.4.9-1	extra/lua54-5.4.9-1-aarch64.pkg.tar.xz	295844	a62e066b9be68ff57fcbacaef77a9b01abca19f8524a9896f4e90b2cae1f55ef
luajit	2.1.1788856981+c6ffc14-1	extra/luajit-2.1.1788856981+c6ffc14-1-aarch64.pkg.tar.xz	297852	b991b411a9a787b3dc7b0aadaf33c263a9b5c8b41a4956ab3fe31446fd4a2944
lz4	1:1.10.0-2	core/lz4-1:1.10.0-2-aarch64.pkg.tar.xz	128668	2734da8aa931852a6d82f5a90edbc5fd4e21cdbefc8752ab49db4228959d45d0
lzo	2.10-5	core/lzo-2.10-5-aarch64.pkg.tar.xz	78388	7831512f18a7764b64f04c2c3483405c7576aefaf543b3fcfd462721afcf3c7d
mesa	1:26.2.3-1	extra/mesa-1:26.2.3-1-aarch64.pkg.tar.xz	12641532	7cfebbe7a026f65134aed27d55892b022071d59333a48a4e385b294f4c4387c1
mpdecimal	4.0.1-3	core/mpdecimal-4.0.1-3-aarch64.pkg.tar.xz	93808	388611eba7f9b0dddcc03adb4f28bcb8fd2c42fbd8c930ca6b9b0f9e4ece0f1e
mpfr	4.2.2-1	core/mpfr-4.2.2-1-aarch64.pkg.tar.xz	392596	6ae04b170fe6aed89519f0b2cba2f60a34e8a8ea74963e8f3619b12ddefc5117
mpg123	1.33.7-1	extra/mpg123-1.33.7-1-aarch64.pkg.tar.xz	424156	b7474b336fc068ab1fe324577e296bc80ad10a34cb69cd33969de81d37744275
mtdev	1.1.7-1	extra/mtdev-1.1.7-1-aarch64.pkg.tar.xz	16448	c6629223522c2e0f239fae28319c2519d4e584ea9dd4a0bd05ac3e830d445808
ncurses	6.6-2	core/ncurses-6.6-2-aarch64.pkg.tar.xz	1423256	e7b4f3c2190e3ebb559d288b05aba70094efae63738343521a5669e64ab4bfa6
nettle	4.0-1	core/nettle-4.0-1-aarch64.pkg.tar.xz	450528	0912dee3f6f20361e607e7101f39345af7ca9fe7bc51a4ba34620468f8949300
nspr	4.40-1	core/nspr-4.40-1-aarch64.pkg.tar.xz	188124	49a71ff0951c6596b66848381f89273d8c40166731561f716c592c9899b2af30
nss	3.130-1	core/nss-3.130-1-aarch64.pkg.tar.xz	1555316	2e6b6bbdffe3f0b1e858e86cdf2cce7a71ed52bdb6fbc3fe5ac870defe2e55d6
openal	1.25.2-2	extra/openal-1.25.2-2-aarch64.pkg.tar.xz	814460	5346124d1da6b462b9b284a42d5cf018d93cf02737262167a27bd7c0f4ee8664
openssl	3.6.5-1	core/openssl-3.6.5-1-aarch64.pkg.tar.xz	5895660	f60b3c69329784d1218ba098a46b092bb42ecc68f0424f01ce2873353a667c20
opus	1.6.1-1	extra/opus-1.6.1-1-aarch64.pkg.tar.xz	3946736	a111defb532e8e7e12815cffa06f59be23e3d5b95539d5588289a467a2a11b1a
p11-kit	0.26.5-1	core/p11-kit-0.26.5-1-aarch64.pkg.tar.xz	249124	7e5c2facac3abd9b51709e081e8720dc7ccc0f27d6c9b49bcb3d188fa91e75f1
pam	1.7.3-1	core/pam-1.7.3-1-aarch64.pkg.tar.xz	593028	5170b81779f108a305025d10f1f694e8bad8e910f613f318a4965fcafcb03c79
pambase	20260616-1	core/pambase-20260616-1-any.pkg.tar.xz	3360	8824b4ddde15770edd4a760901b4c73add68bb18f639ded8316024bc1ab0210f
pango	1:1.58.2-1	extra/pango-1:1.58.2-1-aarch64.pkg.tar.xz	414852	89712127cef41515a3a7b92bc632dcb9c635e9088126ee238d3b63f675d4e7eb
pcre2	10.49-1	core/pcre2-10.49-1-aarch64.pkg.tar.xz	1260636	8334385fdb4ed51807d6345cbe23c961ada160b589855d362c28127f5065a5a6
pipewire	1:1.6.9-1	extra/pipewire-1:1.6.9-1-aarch64.pkg.tar.xz	264148	d711f2ba44cf9be3800b168f1d68d7791e2838c2bbefde26deff56a26eaccae2
pixman	0.46.4-1.1	extra/pixman-0.46.4-1.1-aarch64.pkg.tar.xz	181292	4d20f22998a75c9fe1d38c86cd6f4324120fc2bb02f4a749e4794daac6b87dd2
python	3.14.7-1	core/python-3.14.7-1-aarch64.pkg.tar.xz	13514884	17015e87d76198ffda880a95fb5ce46f340a68247bd2b4148a7078d1d3f1f250
rav1e	0.8.1-3	extra/rav1e-0.8.1-3-aarch64.pkg.tar.xz	1155372	a4cd3de43626582c42c89627a52bdf3856fed2e3f3a2d378c9e101911b6bb396
readline	8.3.6-1	core/readline-8.3.6-1-aarch64.pkg.tar.xz	400496	6e81d2cf14bf0309761d4c65a0a46f181f61c5a6b83aa64928f1ab12cf6f5797
sdl2-compat	2.32.72-1	extra/sdl2-compat-2.32.72-1-aarch64.pkg.tar.xz	457516	0364256f5cf10e45a24203155d990b1a57e596fad4a4783ecdda4f58387a070d
sdl3	3.4.16-1	extra/sdl3-3.4.16-1-aarch64.pkg.tar.xz	1496336	03150f52028dd77b8351d9d744dbc9fa6ebd9921b70bf851daabc94d8e04520e
seatd	0.9.3-1	extra/seatd-0.9.3-1-aarch64.pkg.tar.xz	37408	0eb64d4af642f43af2309176be32e66534f84cb03edd49ad0666fc6a1c4063b7
sed	4.10-2	core/sed-4.10-2-aarch64.pkg.tar.xz	236260	06d68115408b4ab7ca59b9e6f386dcc1015bdb0033686d115d6621711602ed8e
shadow	4.20.0.arch1-1	core/shadow-4.20.0.arch1-1-aarch64.pkg.tar.xz	1218964	66b4175a7dbfcde481a4cbed256f2f36ef18f760f599395efb954fe15564ae19
shared-mime-info	2.5.1-2	extra/shared-mime-info-2.5.1-2-aarch64.pkg.tar.xz	703476	1a13b14aec99ae2c7666e73b7b5f74b6c899f80fc9bf26d089ea51fe2cb4d821
spirv-tools	1:1.4.357.0-1	extra/spirv-tools-1:1.4.357.0-1-aarch64.pkg.tar.xz	1935624	e49c54afc1e11b1a915df17ba380c4c4402477a5d5370417801a87df3388ae59
sqlite	3.53.4-1	core/sqlite-3.53.4-1-aarch64.pkg.tar.xz	1850368	9512d37af4ac6910e10e2a8e6f85078ab72a2ece17a8e6b51755898f50b900ba
systemd-libs	262-1	core/systemd-libs-262-1-aarch64.pkg.tar.xz	1303288	8e697c8f2db7c82dfcdcdc63540f7ad265d8e10fc7aab656c60229d858fca901
tar	1.35-5	core/tar-1.35-5-aarch64.pkg.tar.xz	736708	8a9a195736b5cdac96c0511b6a6ea8417477552cf1ad24d904bf6476539b0ad3
tinysparql	3.11.1-1	extra/tinysparql-3.11.1-1-aarch64.pkg.tar.xz	978880	d245e5c2098c20a6eff65759d3967a63ff3e4658f755585296000b9c1890a547
ttf-dejavu	2.37+18+g9b5d1b2f-8	extra/ttf-dejavu-2.37+18+g9b5d1b2f-8-any.pkg.tar.xz	2476332	4946f46257914f16fc61481766d2dd767963b64f58fdcb09ce6210624bce4830
tzdata	2026e-1	core/tzdata-2026e-1-aarch64.pkg.tar.xz	293780	d7d3c754efda7194c0b931c457436f5215e1ca51835cbfac228e70c46112f22f
util-linux	2.42.4-1	core/util-linux-2.42.4-1-aarch64.pkg.tar.xz	6848684	a9ab17512f0f4d1cf7614574e8407561bebd632a50e568111199da0633955046
util-linux-libs	2.42.4-1	core/util-linux-libs-2.42.4-1-aarch64.pkg.tar.xz	505908	fc33959229b44ee81ab4c66177783b65cae4390868552a81493dc94be0cf9c60
vulkan-icd-loader	1.4.357.0-1	extra/vulkan-icd-loader-1.4.357.0-1-aarch64.pkg.tar.xz	141328	1163492a4ded4484623bd350b4ed69ed908b75520a6cb7a730695579a0e254e8
wayland	1.26.0-1	extra/wayland-1.26.0-1-aarch64.pkg.tar.xz	143632	9382b38f97ee3841597f89aa6ca1fceea3d968ae759151eaab9c4b5373d1ce72
xcb-proto	1.17.0-4	extra/xcb-proto-1.17.0-4-any.pkg.tar.xz	127676	c494c60bbb63fe42cd68a37710d389818611775fd74dcb228d901003958aa8ee
xcb-util-errors	1.0.1-2	extra/xcb-util-errors-1.0.1-2-aarch64.pkg.tar.xz	12944	50bbcefde3803aba7a8a4502e927fff5e71261c6e6b82d32e478ae5d2ec8af24
xcb-util-wm	0.4.2-2	extra/xcb-util-wm-0.4.2-2-aarch64.pkg.tar.xz	31348	cca68248ca0d4a83382cac35fec66e8965e121d792ab2cb54a048fd7f514b92e
xkeyboard-config	2.48-1	extra/xkeyboard-config-2.48-1-any.pkg.tar.xz	843224	6ee5de46d25850dee96be9c28f9870ea2ae0b19ac8fb3c2194d31b9649b03ecd
xorg-fonts-encodings	1.1.0-2	extra/xorg-fonts-encodings-1.1.0-2-any.pkg.tar.xz	578240	1e6b1699140df659a049dc9094fc3b08a60b624db748bc004f28db51e5bfa641
xorg-server-common	21.1.24-1	extra/xorg-server-common-21.1.24-1-aarch64.pkg.tar.xz	27340	0f508f5fe3c6b51764bb1b24d19a74670aee164710df2db894cc2f7b174db41c
xorg-setxkbmap	1.3.5-1	extra/xorg-setxkbmap-1.3.5-1-aarch64.pkg.tar.xz	13496	a3323ae651b0477c7c411e431d68debef85eef9d2f15ca90d89e383e2fad08a4
xorg-xkbcomp	1.5.0-1	extra/xorg-xkbcomp-1.5.0-1-aarch64.pkg.tar.xz	81536	7c30d6aa484ff17ab36c3c33ae145195831458751e901b96b92b3398abc96611
xorg-xprop	1.2.8-1	extra/xorg-xprop-1.2.8-1-aarch64.pkg.tar.xz	26412	5ab8f4c95ee0772592be2f9efc5ebe876083202ad6a06515bcc81bd0f0b6a15a
xorg-xwayland	24.1.13-1	extra/xorg-xwayland-24.1.13-1-aarch64.pkg.tar.xz	851316	b7d626d41761d9829ea722086e04a8df53cddf12c2341ab2b99e0080badd6a1a
xorgproto	2025.1-1	extra/xorgproto-2025.1-1-any.pkg.tar.xz	238696	682bdb76951a10606b0f3dfaa6e3fd48df2bd183a060e66aa23fbce2473bca53
xz	5.8.4-1	core/xz-5.8.4-1-aarch64.pkg.tar.xz	822656	0a72061585c62a92d1a38348bc7f160665b0b508ddc92fd289b6b2ca12785150
zlib	1:1.3.2-3	core/zlib-1:1.3.2-3-aarch64.pkg.tar.xz	77320	7e31b465e09e8e61375578b8e26ed883906e126e0c0ef1c75b7ccccfa95a58c4
zstd	1.5.7-3	core/zstd-1.5.7-3-aarch64.pkg.tar.xz	436532	c3b907c36049b338bda0c6d85260251e48d17e2be6c0e11ddc0dfd4cf9d2e89a
