acl	2.4.0-1	https://gitlab.archlinux.org/archlinux/packaging/packages/acl/-/tree/2dabdf495db1ea7eec4a94da43a22b917c19bce3
adwaita-icon-theme	50.0-1	https://gitlab.archlinux.org/archlinux/packaging/packages/adwaita-icon-theme/-/tree/506857d05fe136013cd0a928d991c85cc3fe689d
adwaita-icon-theme-legacy	46.2-3	https://gitlab.archlinux.org/archlinux/packaging/packages/adwaita-icon-theme-legacy/-/tree/549850fd73798fd4dead375c08e3aee6f83ac672
alsa-lib	1.2.16.1-1	https://gitlab.archlinux.org/archlinux/packaging/packages/alsa-lib/-/tree/b7c4f63e457401f54f4e050a1da8361b9eaf4443
at-spi2-core	2.60.7-1	https://gitlab.archlinux.org/archlinux/packaging/packages/at-spi2-core/-/tree/32edfc2eb42c48e012bf16b7a2714cb38acb7429
attr	2.6.0-1	https://gitlab.archlinux.org/archlinux/packaging/packages/attr/-/tree/890cadcf811cdff6469a8421af7cb0eae13c3ca8
audit	4.2.1-1	https://gitlab.archlinux.org/archlinux/packaging/packages/audit/-/tree/8db272a0138b530ab71f98763c808a5713f859a4
avahi	1:0.9rc5-1	https://gitlab.archlinux.org/archlinux/packaging/packages/avahi/-/tree/04d468c57e4e8300a8808cc19d463f57382508d3
bash	5.3.20-1	https://gitlab.archlinux.org/archlinux/packaging/packages/bash/-/tree/45f3f3f99f3211563f70fe8018429c90caaf9e03
bubblewrap	0.13.0-1	https://gitlab.archlinux.org/archlinux/packaging/packages/bubblewrap/-/tree/7e8bfafd7c387fbb4470824e34906cc5c5fedb1e
ca-certificates	20240618-1	https://gitlab.archlinux.org/archlinux/packaging/packages/ca-certificates/-/tree/8a265fdc69efd595a43295071daa2b7e0df4fd1b
cairo	1.18.6-1	https://gitlab.archlinux.org/archlinux/packaging/packages/cairo/-/tree/202d3de44217e74ecbe87b126ff6f0749a32e4e6
colord	1.4.8-1	https://gitlab.archlinux.org/archlinux/packaging/packages/colord/-/tree/e9a7e3a2ad377fe4d30ff73871c6d58b2b9bc8d0
coreutils	9.12-2	https://gitlab.archlinux.org/archlinux/packaging/packages/coreutils/-/tree/67c9b5e28295ac576db0bfc38aac77defc8c21b2
dash	0.5.13.4-1	https://gitlab.archlinux.org/archlinux/packaging/packages/dash/-/tree/b6c8efc14a51f51df2726302984382d4f89374f8
dbus	1.16.2-1	https://gitlab.archlinux.org/archlinux/packaging/packages/dbus/-/tree/eb028ee21c6a09afe69d8d36aa23b75f88325f7c
dconf	0.49.0-1	https://gitlab.archlinux.org/archlinux/packaging/packages/dconf/-/tree/1df92602942928271821c67b9600b5d11ce1b2a0
desktop-file-utils	0.28-1	https://gitlab.archlinux.org/archlinux/packaging/packages/desktop-file-utils/-/tree/2f80a16f4cae2ffb5171c688af94cdcdd1da7518
e2fsprogs	1.47.4-1	https://gitlab.archlinux.org/archlinux/packaging/packages/e2fsprogs/-/tree/540280f0e884ec3fa57c0c555372e7b07be555d8
elfutils	0.196-1	https://github.com/archlinuxarm/PKGBUILDs/tree/351ce02b82098e5149246867457bfdf88d9f0b6f/core/elfutils
findutils	4.11.0-1	https://gitlab.archlinux.org/archlinux/packaging/packages/findutils/-/tree/ba133ab22ff7e31094dd167693c6dc897b387182
flac	1.5.0-1	https://github.com/archlinuxarm/PKGBUILDs/tree/5dc51c824b5dc05c381f921103468129ad5e0375/extra/flac
freetype2	2.14.3-1	https://gitlab.archlinux.org/archlinux/packaging/packages/freetype2/-/tree/612caf92c96f39464de579e12fc7498a0d1f4036
fribidi	1.0.17-1	https://gitlab.archlinux.org/archlinux/packaging/packages/fribidi/-/tree/890d8df616cbe4447dc2ee3f83cf1ce442c48e91
gawk	5.4.1-1	https://gitlab.archlinux.org/archlinux/packaging/packages/gawk/-/tree/81baf7293a940a3b21f5becbb22e6b7c2d0b2bbc
gcc	16.1.1+r12+g301eb08fa2c5-1	https://github.com/archlinuxarm/PKGBUILDs/tree/50e0a93f2daf3a39befae264d0898f8ffae04e34/core/gcc
gdbm	1.26-2	https://gitlab.archlinux.org/archlinux/packaging/packages/gdbm/-/tree/6ef1719fa6a07eda8a64de8c1cfa943670736857
gdk-pixbuf2	2.44.6-2	https://gitlab.archlinux.org/archlinux/packaging/packages/gdk-pixbuf2/-/tree/5e090165cf5c805fdb325546bb200449e51f103f
glib-networking	1:2.80.1-1	https://gitlab.archlinux.org/archlinux/packaging/packages/glib-networking/-/tree/3b7d23e25697e2de20cce5bf7524c02354a52606
glib2	2.88.3-1	https://gitlab.archlinux.org/archlinux/packaging/packages/glib2/-/tree/8dd68d402cb150f0e4da628590bca92dbcd33bcd
glibc	2.43+r22+g8362e8ce10b2-2	https://github.com/archlinuxarm/PKGBUILDs/tree/f3d82dd0cd144ea3aa9ca036679c10c7732e8760/core/glibc
glycin	2.1.5-2	https://gitlab.archlinux.org/archlinux/packaging/packages/glycin/-/tree/7b580e8c70002c678713625d09e46ce7c739b4c0
gmp	6.3.0-3	https://gitlab.archlinux.org/archlinux/packaging/packages/gmp/-/tree/edbb271e660845ac77d6421237fcffb50e101389
gnutls	3.8.13-3	https://github.com/archlinuxarm/PKGBUILDs/tree/1d5e639d0f97efa5df4da6bd33c242571a3e33a7/core/gnutls
graphite	1:1.3.15-1	https://gitlab.archlinux.org/archlinux/packaging/packages/graphite/-/tree/adf91c6765108284ad70af1ad3b941e217f6b3d2
grep	3.12-2	https://gitlab.archlinux.org/archlinux/packaging/packages/grep/-/tree/705f9fd546210053656dd632758bdf25cf1b266c
gsettings-desktop-schemas	50.1-1	https://gitlab.archlinux.org/archlinux/packaging/packages/gsettings-desktop-schemas/-/tree/8c1544b3d54285cd1367d6750257cfe7c8efee65
gtk3	1:3.24.52-1	https://gitlab.archlinux.org/archlinux/packaging/packages/gtk3/-/tree/30ab95bd37954d13b583aa4294204dcd4c1f5460
gtk4	1:4.22.5-1	https://gitlab.archlinux.org/archlinux/packaging/packages/gtk4/-/tree/76a875f0f4b1d41aef80028cae01c5f8e39de5c6
gzip	1.15-1	https://gitlab.archlinux.org/archlinux/packaging/packages/gzip/-/tree/acb751dd441d9c25ffe039657aff25548edc0688
hicolor-icon-theme	0.18-1	https://gitlab.archlinux.org/archlinux/packaging/packages/hicolor-icon-theme/-/tree/749465de4629cf4911f8ab5127657ae52e079103
hidapi	0.15.0-1	https://gitlab.archlinux.org/archlinux/packaging/packages/hidapi/-/tree/76419779fd843706e734092bd56d5bb93867ccea
ibus	1.5.34-1	https://gitlab.archlinux.org/archlinux/packaging/packages/ibus/-/tree/ae3702a5a333217835190c96b3b15c15b692bc93
iso-codes	4.20.1-1	https://gitlab.archlinux.org/archlinux/packaging/packages/iso-codes/-/tree/02b77baac0db97a8fd4dcdde3e675463eb84d8ce
jbigkit	2.1-8	https://github.com/archlinuxarm/PKGBUILDs/tree/b1f656596c7035cfaa96affa344522031a8e6498/extra/jbigkit
json-glib	1.10.8-1	https://gitlab.archlinux.org/archlinux/packaging/packages/json-glib/-/tree/e844aa4bd6b996fe339c2d1581be6c1c1a64e3be
keyutils	1.6.3-4	https://gitlab.archlinux.org/archlinux/packaging/packages/keyutils/-/tree/dc6b301c3be394b4640c6a88b127e800b9907a8f
lame	4.0-1	https://gitlab.archlinux.org/archlinux/packaging/packages/lame/-/tree/a71ce1c8d0e5b83e077b171e452a0dfc9c00f12b
leancrypto	1.9.0-1	https://gitlab.archlinux.org/archlinux/packaging/packages/leancrypto/-/tree/6d28cb8e0480f02a0844ad22f97165fb1644bf06
libasyncns	1:0.8+r3+g68cd5af-3	https://gitlab.archlinux.org/archlinux/packaging/packages/libasyncns/-/tree/1828be55b074bfc12be8038184aa9d1a3a217342
libcap	2.78-1	https://gitlab.archlinux.org/archlinux/packaging/packages/libcap/-/tree/1af5a8bd3ca74002d3422c1dfe0710d3f567502b
libcap-ng	0.9.6-1	https://gitlab.archlinux.org/archlinux/packaging/packages/libcap-ng/-/tree/cd573a07cc57f3974bbac8b2287713781c347a81
libcloudproviders	0.4.1-1	https://gitlab.archlinux.org/archlinux/packaging/packages/libcloudproviders/-/tree/574b44b38541920b9f2bfd1c9b79d5442022afe2
libdaemon	0.14-6	https://gitlab.archlinux.org/archlinux/packaging/packages/libdaemon/-/tree/d091af75dc2d7773a79f8cfc350783bd8f48e54f
libdatrie	0.2.14-1	https://gitlab.archlinux.org/archlinux/packaging/packages/libdatrie/-/tree/fec5c1af46bc9a8a0e77a106765f5ed55bcb5d09
libgcrypt	1.12.4-1	https://gitlab.archlinux.org/archlinux/packaging/packages/libgcrypt/-/tree/94246ab4c4886ecb47438bab5151f02b8c95ff75
libgpg-error	1.61-1	https://gitlab.archlinux.org/archlinux/packaging/packages/libgpg-error/-/tree/7b4fcfe31a3922de885b60c4eccd915c2173a0ea
libgudev	238-3	https://gitlab.archlinux.org/archlinux/packaging/packages/libgudev/-/tree/ff4aad2747ffbf104e3e22102a5fae8b976905fa
libidn2	2.3.8-1	https://gitlab.archlinux.org/archlinux/packaging/packages/libidn2/-/tree/7254392fe9adbba2842442e66bafca2fe9cd761c
libnsl	2.0.1-2	https://gitlab.archlinux.org/archlinux/packaging/packages/libnsl/-/tree/dbea5e4a59907a7f968cbc7af3ee9bc06cb8fef5
libproxy	0.5.12-1	https://gitlab.archlinux.org/archlinux/packaging/packages/libproxy/-/tree/775d4aef4b7914e5de0225ac0a005e3f7c0fd4cd
librsvg	2:2.62.4-1	https://gitlab.archlinux.org/archlinux/packaging/packages/librsvg/-/tree/7a66a829353328224bbbbe961624f3bd28763b7d
libseccomp	2.6.0-1	https://gitlab.archlinux.org/archlinux/packaging/packages/libseccomp/-/tree/95a18e64bdd767620a8d8f06ad95eb6c55e49340
libsndfile	1.2.2-4	https://gitlab.archlinux.org/archlinux/packaging/packages/libsndfile/-/tree/db2925a49221e0182847f7be46b33db51ddb1e12
libsoup3	3.6.6-2	https://gitlab.archlinux.org/archlinux/packaging/packages/libsoup3/-/tree/38514690187045a3f141e0a9396d3e155f4d4ddf
libsoxr	0.1.3-5	https://gitlab.archlinux.org/archlinux/packaging/packages/libsoxr/-/tree/f761eb0bd893bb2c18c9c1d8be9633b925b2f0b8
libtasn1	4.21.0-1	https://gitlab.archlinux.org/archlinux/packaging/packages/libtasn1/-/tree/6938a3e5e83ad01b59cdc79177d1534fb2d99b41
libthai	0.1.30-1	https://gitlab.archlinux.org/archlinux/packaging/packages/libthai/-/tree/9736c82b289d8de3762e4a06961b499ca3f22509
libtool	2.6.0+r23+gb08cb0a0-1	https://gitlab.archlinux.org/archlinux/packaging/packages/libtool/-/tree/76c495dd2c1edd9ad6f2441ea609425a960fbe1f
libunistring	1.4.2-1	https://gitlab.archlinux.org/archlinux/packaging/packages/libunistring/-/tree/42ca409302e9f0b4adeb5a813101fabb87a3950a
libusb	1.0.30-1	https://gitlab.archlinux.org/archlinux/packaging/packages/libusb/-/tree/51dbbbfd2746111908f9ac8b7440f39353e3d705
libxcrypt	4.5.2-1	https://gitlab.archlinux.org/archlinux/packaging/packages/libxcrypt/-/tree/678cc689bd7336d2487965a9018a214426cb27c2
linux-api-headers	7.2-1	https://gitlab.archlinux.org/archlinux/packaging/packages/linux-api-headers/-/tree/72ee61a0fd733444a284eb6ae88c7058b631ad93
lz4	1:1.10.0-2	https://gitlab.archlinux.org/archlinux/packaging/packages/lz4/-/tree/e9b3d450141b1c06ccd226650c5048ccf25e2974
lzo	2.10-5	https://gitlab.archlinux.org/archlinux/packaging/packages/lzo/-/tree/f07af1ee2689e7a2ab38e171c7a809589a720f9f
mpfr	4.2.2-1	https://gitlab.archlinux.org/archlinux/packaging/packages/mpfr/-/tree/4998a72bea75eb8a7ed5d2c673c0a8f0b8718eb3
mpg123	1.33.7-1	https://gitlab.archlinux.org/archlinux/packaging/packages/mpg123/-/tree/17fd7761649e180049f0a126b150fb0cf823b8de
nettle	4.0-1	https://gitlab.archlinux.org/archlinux/packaging/packages/nettle/-/tree/2ff22835ddfdfbb161468c050aad4b81b1897ae4
networkmanager	1.58.1-1	https://github.com/archlinuxarm/PKGBUILDs/tree/33f15a79388bd927664e8b43da4b3b047c5c8569/extra/networkmanager
openal	1.25.2-2	https://gitlab.archlinux.org/archlinux/packaging/packages/openal/-/tree/b25bef45d83a0c5d0e09e1814c479843d08dda93
pam	1.7.3-1	https://gitlab.archlinux.org/archlinux/packaging/packages/pam/-/tree/8d366d7b5a846cc26dcbb99c5123ff5413ba81b6
pambase	20260616-1	https://gitlab.archlinux.org/archlinux/packaging/packages/pambase/-/tree/18ff110e2b4181d8b84bccdf86525cf2a50ad20d
pango	1:1.58.2-1	https://gitlab.archlinux.org/archlinux/packaging/packages/pango/-/tree/92547f34a91108b16e6dd2ea08317e0bd1be7487
pipewire	1:1.6.9-1	https://github.com/archlinuxarm/PKGBUILDs/tree/4280b1e16b2fe73bcfb9754c89bbb54aaf033ff5/extra/pipewire
pulseaudio	17.0+r98+gb096704c0-1	https://gitlab.archlinux.org/archlinux/packaging/packages/pulseaudio/-/tree/87a7c748f1943c5d79ae6ac72f1135661ad7479a
readline	8.3.6-1	https://gitlab.archlinux.org/archlinux/packaging/packages/readline/-/tree/049f7ab6d370ac4b09bd26ebb065d443fb6ca818
sed	4.10-2	https://gitlab.archlinux.org/archlinux/packaging/packages/sed/-/tree/0bb76e84884c3f4765cb0b285b92af2324e10152
shared-mime-info	2.5.1-2	https://gitlab.archlinux.org/archlinux/packaging/packages/shared-mime-info/-/tree/7594e0c26bfc745470ec0518d6e1465d40543a38
systemd	262-1	https://github.com/archlinuxarm/PKGBUILDs/tree/301752c301d8d27080323e8ceea17c1e90a7a726/core/systemd
tar	1.35-5	https://gitlab.archlinux.org/archlinux/packaging/packages/tar/-/tree/8568de2d02c735a0675ddee110628f039614731a
tdb	1.4.15-2	https://gitlab.archlinux.org/archlinux/packaging/packages/tdb/-/tree/a8efc285254537af2d7b30e801c01b175624ffce
tinysparql	3.11.1-1	https://gitlab.archlinux.org/archlinux/packaging/packages/tinysparql/-/tree/958a3a1ba86d3f6d1b5d779b2abb7f63f52f03f4
util-linux	2.42.4-1	https://gitlab.archlinux.org/archlinux/packaging/packages/util-linux/-/tree/1959b6ecef6b57acd92ca97b783553174b747f6a
xz	5.8.4-1	https://gitlab.archlinux.org/archlinux/packaging/packages/xz/-/tree/0b7981c3f32e7b899aa1f887d8fd44622f76b1b3
zstd	1.5.7-3	https://gitlab.archlinux.org/archlinux/packaging/packages/zstd/-/tree/954700db664044388cabc818d703bcfae97bfa1c
