tenfoot_images_all	tenfoot_images_all.zip.86419c7a56c12dd107b5e0d46f50c8a9b121f3cc	6582204	990676bc29d01736477c6b571b5048258a6156284ef242503112fc68567cbf01
steamui_websrc_all	steamui_websrc_all.zip.d57af3a7bc6e1d54ca67e721a41d263befa5125c	33250084	791e7069a239ffb07366193b17ed93fe9c3b6e131fd766c505e3a7029e9c5f57
resources_misc_all	resources_misc_all.zip.99ed79ed868d732d8e9e9a45444b8f003191e3dd	4317962	187e562403c7544af7162e08baf7677d030ad6f60947c2cdc7dcbcbf0a7a7fe6
resources_hidpi_all	resources_hidpi_all.zip.a110d78e994c028dc1c412951e87a0c4e9c819f7	98371	5bdb97ec734f035c1d06a59b62980028b1b05b920c544ae3673b1a515d3d507e
resources_all	resources_all.zip.213fe769fd8484a0d149453c5655e70c1d13b086	4301386	769840cdb2b22ad9798a1a3950de2fe82b8b5d3d37389dcc9b1393f77480d67b
strings_en_all	strings_en_all.zip.071a3f6839c3b8d574731101f2862d5ed72ab2e4	114329	fe73301f09a423c3114575b54b929c5cc0d1aacc80f1067259e551ffd1c82a07
strings_all	strings_all.zip.9c6cdbadbbf194703f40a5eef735ce7b99eb10dc	4014695	23e192629927ca1fcfda167b3cf55ed69fd212515fc0547eee268325b24d41a4
public_all	public_all.zip.4909469e2596e887494f0882fc39a493ac6c6925	31197822	e8a1c9234c44e513d9c4ac094168b96bfa9e39b02fab8683cd793d2509f5ea94
bins_hardware_all	bins_hardware_all.zip.0f397d26ddd470318a9dfd8ba019f6e64bb53875	374820	c90da4bd9e6dc122317f54887633839e22871974656fd0c337c60b44522ff2b3
steamui_websrc_sounds_all	steamui_websrc_sounds_all.zip.74727ca40ef88c5012bb631488fd285418dce825	4676203	c823bd39d234e7d9a5fdb5ec6605eae3f175e52bb847725e8826ff526a61641c
steamui_websrc_movies_all	steamui_websrc_movies_all.zip.40e78cdda48e9a8a74baf614e0cdc7a6b96d26d1	10900690	885a32533327f0fd5ea98e6c6f13552e965cab4852dad7ce9ccf3d929d726b5b
webkit_linuxarm64_linuxarm64	webkit_linuxarm64_linuxarm64.zip.c1d5fa58a564375f71b34bccaa51c19be1143137	111396433	b8687e0f20668d24055d8f2e9f6c4fbcbe84fbb99a7bc9de4595530be7029990
sdl3_linuxarm64_linuxarm64	sdl3_linuxarm64_linuxarm64.zip.a1b8e025f2ede4ead9618ecfa032205b87e0bc96	9589076	3737913de71c1ec74cfd80eededa0dd6358dfc504233aa381ed91c0af2c0b61e
codecs_linuxarm64_linuxarm64	codecs_linuxarm64_linuxarm64.zip.1b42568442a5238ca50cddedca932631b1865ccb	11185943	49a8bf59f30c31a244a289e4aae52ebfec341b69b5210adbdb54e0d59b9f41bd
bins_linuxarm64_linuxarm64	bins_linuxarm64_linuxarm64.zip.e59e82a5b6cbba6452d024d661c46e302b90376f	109802834	92fb6f8b0230713ca9b47b73bbf8576b2045cbde947462a6986d922c5c5b15ad
bins_sdk_linuxarm64_linuxarm64	bins_sdk_linuxarm64_linuxarm64.zip.9e39e51c8c8235e87475e00a978a6d2f5d095113	15797465	55fa4fb9d7871058157544a749100e73afcd9e68be2618e2b23a20eea8aa5173
resource_linuxarm64_linuxarm64	resource_linuxarm64_linuxarm64.zip.6e5691ac5a1a55a554250468a98c3f8e454fea4a	2371	f78280db38d95a74096a00f7d2bc3061286db135e9e61bbf963eb65de39d66fc
