adwaita-icon-theme	50.0-1	pool/main/a/adwaita-icon-theme/adwaita-icon-theme_50.0-1_all.deb	580384	db9f11a94f993de589e7d8879664cb371eb8aefc8a2bce100d923951e4ef30c8
at-spi2-common	2.60.0-1	pool/main/a/at-spi2-core/at-spi2-common_2.60.0-1_all.deb	6510	41645329c441b8db0c2f145d60fb5cbc4685b84305a93aeaf28d86f3777f5f5e
bubblewrap	0.11.1-1	pool/main/b/bubblewrap/bubblewrap_0.11.1-1_arm64.deb	50298	b26ca6b2e5c2bf2ebbec87a2f7e6872f9fd72078838425faa4c80f081e950208
fontconfig	2.17.1-3ubuntu1	pool/main/f/fontconfig/fontconfig_2.17.1-3ubuntu1_arm64.deb	180530	41e604c977fe56e1fa9dcdab9b08fce841d0f1310ff6693aceb5af6a085a3203
fontconfig-config	2.17.1-3ubuntu1	pool/main/f/fontconfig/fontconfig-config_2.17.1-3ubuntu1_arm64.deb	38454	67f5256ce2bccb0d1962d6db31be081579765f9848268421eab29f5d643dc8ae
fonts-dejavu-core	2.37-8build1	pool/main/f/fonts-dejavu/fonts-dejavu-core_2.37-8build1_all.deb	834166	f4606b12eb41ddf7932d3a1ebc2019f9bbf90d0824943a2dc0c77a00f43019f2
fonts-dejavu-mono	2.37-8build1	pool/main/f/fonts-dejavu/fonts-dejavu-mono_2.37-8build1_all.deb	502164	bf5ad873961972ea8f1299ef99c1854715e68d9aa798830fb78c5b222ddeb4b9
gamescope	3.16.20+ds-1	pool/multiverse/g/gamescope/gamescope_3.16.20+ds-1_arm64.deb	1002988	1d2bf13185afc83be64bfce463d0cd7f214a40ebe6c2d380afb63b318d6fd005
glycin-loaders	2.1.1+ds-0ubuntu1	pool/main/g/glycin/glycin-loaders_2.1.1+ds-0ubuntu1_arm64.deb	2880056	9009ffdca7ba439a4cae1b77050e4eb546ca77e29f03b32964f5b8f76ffadf29
glycin-thumbnailers	2.1.1+ds-0ubuntu1	pool/main/g/glycin/glycin-thumbnailers_2.1.1+ds-0ubuntu1_arm64.deb	209882	f0077c37c86a28667725ee7bc9aa2bc789bfa513fc9f407b19f40b648f6c5c25
gtk-update-icon-cache	4.22.2+ds-1ubuntu1	pool/main/g/gtk4/gtk-update-icon-cache_4.22.2+ds-1ubuntu1_arm64.deb	42148	91c1ba2e058618c031de25d5150cc87d0a83279810184994f17c25c6b7ed1046
hicolor-icon-theme	0.18-2build1	pool/main/h/hicolor-icon-theme/hicolor-icon-theme_0.18-2build1_all.deb	13154	d05726c4a4dc15079ed2bd6ef633e7d6dca4c4be20296148b1c558dbd5a6c570
libabsl20260107	20260107.0-4	pool/main/a/abseil/libabsl20260107_20260107.0-4_arm64.deb	563264	a777b6ff5f2af8e7408e030d235ba4846498bce1a9646d7e9600187af1a87f89
libaom3	3.13.1-2	pool/main/a/aom/libaom3_3.13.1-2_arm64.deb	1773014	26bc90ef3bbedb1718dfa3163a30c8fe0068d0fe9132e48a7fb7db76ba302247
libasound2-data	1.2.15.3-1ubuntu1	pool/main/a/alsa-lib/libasound2-data_1.2.15.3-1ubuntu1_all.deb	21410	58de2389bf26156f357530db74065ca4b39e15497b956b7610f3030c1fd769b9
libasound2t64	1.2.15.3-1ubuntu1	pool/main/a/alsa-lib/libasound2t64_1.2.15.3-1ubuntu1_arm64.deb	401968	d63988a3869ab50caad49a2cfbd7173f0d8c7851bc70d5c22b21e571146c795e
libasyncns0	0.8-7	pool/main/liba/libasyncns/libasyncns0_0.8-7_arm64.deb	11716	da7ccced49197d066898fedf68089c7be20db4bba15371fe84955469cb4a12f7
libatk-bridge2.0-0t64	2.60.0-1	pool/main/a/at-spi2-core/libatk-bridge2.0-0t64_2.60.0-1_arm64.deb	66756	062a814e82026abaa732af0c8950ba9e7c830245920e97eac07b49f2f75974f2
libatk1.0-0t64	2.60.0-1	pool/main/a/at-spi2-core/libatk1.0-0t64_2.60.0-1_arm64.deb	52732	46fd6a6954ea7027501e0b20d6156660549f6e1f35f133f9fec2917066bd0f7f
libatspi2.0-0t64	2.60.0-1	pool/main/a/at-spi2-core/libatspi2.0-0t64_2.60.0-1_arm64.deb	84048	47e1a704478bd59f36bc4f3543ad771db5d41b74ff91021375d4d30466cb98d9
libavahi-client3	0.8-18ubuntu1	pool/main/a/avahi/libavahi-client3_0.8-18ubuntu1_arm64.deb	26610	ba25a3f1648bf7c7aad9ec56e9771e19931120e37cff872f8434fb0122654157
libavahi-common-data	0.8-18ubuntu1	pool/main/a/avahi/libavahi-common-data_0.8-18ubuntu1_arm64.deb	27040	9111607b531907d073ce0beb7dfd37b8850e72564d7609198a1c451b47897420
libavahi-common3	0.8-18ubuntu1	pool/main/a/avahi/libavahi-common3_0.8-18ubuntu1_arm64.deb	22538	cc6862dedee767482f18f148771d7ba007d94984d40799b318f104c2cd428e99
libavif16	1.3.0-1ubuntu4	pool/universe/liba/libavif/libavif16_1.3.0-1ubuntu4_arm64.deb	113982	4714e1effdbb5adfb0f391c19865f98d793a530efb9983557d47daaab38f5caa
libcairo-gobject2	1.18.4-3	pool/main/c/cairo/libcairo-gobject2_1.18.4-3_arm64.deb	127358	b23ae4a4e60a0212f82c3b08b84810a53df33ed458b420c222a35d05f8d6d66c
libcairo2	1.18.4-3	pool/main/c/cairo/libcairo2_1.18.4-3_arm64.deb	555750	5ea92d9d5a23668872c99b3d79ae7e3b0f9391d70532c9c2aeeddb8a6e776bcb
libcups2t64	2.4.16-1ubuntu1	pool/main/c/cups/libcups2t64_2.4.16-1ubuntu1_arm64.deb	270568	c82531755f0167ea81767bc43c0720581d081b0c1e7f658b4e1c5a26b83fd7c6
libdatrie1	0.2.14-1	pool/main/libd/libdatrie/libdatrie1_0.2.14-1_arm64.deb	19556	bc2143b8e7e48ae97edbdb123aeb27affebb24d44019a07be1181ea3d7c0b4e8
libdav1d7	1.5.3-1	pool/universe/d/dav1d/libdav1d7_1.5.3-1_arm64.deb	296564	ea05f30e1690a09fefe1d9a1bf714f3b3bd4bca60d33d1409e054d559809bb5f
libdecor-0-0	0.2.5-1	pool/main/libd/libdecor-0/libdecor-0-0_0.2.5-1_arm64.deb	16378	c42d5f37f4388e64f84a07d0566957738a19cc2649af9dec308a3de010101c8c
libdisplay-info3	0.3.0-1	pool/main/libd/libdisplay-info/libdisplay-info3_0.3.0-1_arm64.deb	89456	d58a89b8184d7d0af44c6446a4b74c2fd6ee2ada15e45c032ab3362618e1f0cd
libdrm-amdgpu1	2.4.131-1	pool/main/libd/libdrm/libdrm-amdgpu1_2.4.131-1_arm64.deb	22578	68967e70e7b658980be666823d42e253fb5cea40f0e4d93793b5b62517744532
libdrm-common	2.4.131-1	pool/main/libd/libdrm/libdrm-common_2.4.131-1_all.deb	9774	a32b8d623c04310d049cde28cdbbd339575cdc26c8dc741d7de708a954eff528
libdrm2	2.4.131-1	pool/main/libd/libdrm/libdrm2_2.4.131-1_arm64.deb	42640	7b9c0ca3b76cd7aab77422ea459be250cc04357a62cc081854a6e4c7fa24ca3f
libegl-mesa0	26.0.3-1ubuntu1	pool/main/m/mesa/libegl-mesa0_26.0.3-1ubuntu1_arm64.deb	122790	049092cb83f2815fbd41c5a78a5bf4b4b195f35a3fe1371aa82b8241d06bcf38
libegl1	1.7.0-3	pool/main/libg/libglvnd/libegl1_1.7.0-3_arm64.deb	29722	1cefa36464c8ab3043ba2f82c3daa18ce591dc4c2a37d09e3c47b1f2fa880dc6
libei1	1.5.0-3	pool/main/libe/libei/libei1_1.5.0-3_arm64.deb	40558	c6f886d23333309482d505fa45d24472d2e5392560512230b7b4dca7952a05a9
libeis1	1.5.0-3	pool/main/libe/libei/libeis1_1.5.0-3_arm64.deb	41574	2d39da2cfc016bb62c1ebdd399c5c355d01c8546861086a23fe1fae7421a8570
libepoxy0	1.5.10-2build1	pool/main/libe/libepoxy/libepoxy0_1.5.10-2build1_arm64.deb	238010	0c00d71141f570ba416a82e9c9d1b9efd673749fd230a23a28a223aa5d6542e5
libevdev2	1.13.6+dfsg-1	pool/main/libe/libevdev/libevdev2_1.13.6+dfsg-1_arm64.deb	35050	47a03b831428e3643278d3daa7e0b60667bdd89ef5953d068e72463a65356e5c
libfftw3-single3	3.3.10-2fakesync1build3	pool/main/f/fftw3/libfftw3-single3_3.3.10-2fakesync1build3_arm64.deb	597082	639dda3f8a6fd35806dd7c50bc03603dc1c38cce5cda0fd2b6d21f89e086bb99
libflac14	1.5.0+ds-5	pool/main/f/flac/libflac14_1.5.0+ds-5_arm64.deb	141358	25f12a5187f301a3248d998c2bd06828bb66015a90232365b5b7be2f08673c4f
libfontconfig1	2.17.1-3ubuntu1	pool/main/f/fontconfig/libfontconfig1_2.17.1-3ubuntu1_arm64.deb	143946	e1c360515d50f700709fa001f94eb25f8e658532137b6589fbba5c098c90279a
libfontenc1	1:1.1.8-1build2	pool/main/libf/libfontenc/libfontenc1_1.1.8-1build2_arm64.deb	13914	8a263e3b5eed747dbd71213192f9001840cbdd55d49670ca440b8847d1e62a75
libfreetype6	2.14.2+dfsg-1	pool/main/f/freetype/libfreetype6_2.14.2+dfsg-1_arm64.deb	398594	43d97c00daa00b7e868fa671f9b20effef8164124726fe8cbc6c351a05ebdf5b
libfribidi0	1.0.16-5	pool/main/f/fribidi/libfribidi0_1.0.16-5_arm64.deb	26974	5f359a93f44fa0e837277541c7780485f479105c030afbe24f4a0eb7deced215
libgav1-2	0.20.0-2build1	pool/universe/libg/libgav1/libgav1-2_0.20.0-2build1_arm64.deb	546626	6aeadc2374fa998902b67731a31534b4ce2ee3abf863fc4b1cf83ce1524aedb5
libgbm1	26.0.3-1ubuntu1	pool/main/m/mesa/libgbm1_26.0.3-1ubuntu1_arm64.deb	41778	de8166e8225a1fe2565e7ebdb5cd879cb1be3de8c0bcaa34f02b2235d016dd57
libgdk-pixbuf-2.0-0	2.44.5+dfsg-4ubuntu1	pool/main/g/gdk-pixbuf/libgdk-pixbuf-2.0-0_2.44.5+dfsg-4ubuntu1_arm64.deb	100044	e20d0b3375178dc014bc3d3b7471e8e340d5b30d0ce40bd6c266ec4ec73a8104
libgdk-pixbuf2.0-common	2.44.5+dfsg-4ubuntu1	pool/main/g/gdk-pixbuf/libgdk-pixbuf2.0-common_2.44.5+dfsg-4ubuntu1_all.deb	5754	2476d552009724d9b027236fcd2e4540a46f419d9d8b881f1d92edf10d6fcc13
libgl1	1.7.0-3	pool/main/libg/libglvnd/libgl1_1.7.0-3_arm64.deb	101570	730d556bcdc978b65adecb4868ade95130201224af7ed9e55f48fc3eda2df717
libgl1-mesa-dri	26.0.3-1ubuntu1	pool/main/m/mesa/libgl1-mesa-dri_26.0.3-1ubuntu1_arm64.deb	36820	63b04f452aee312a7b70368b3852b7a0e32c106191939542c04c60535c2778f5
libgles2	1.7.0-3	pool/main/libg/libglvnd/libgles2_1.7.0-3_arm64.deb	17846	757eb4ceda29fda07273d21d8f5707b6a1af7dd3553bf11d1bde7cd519a64236
libglvnd0	1.7.0-3	pool/main/libg/libglvnd/libglvnd0_1.7.0-3_arm64.deb	57946	6881ac107fb88b7133aaf68cd346bc656ce30bd930a08a06471a3461da5d3e26
libglx-mesa0	26.0.3-1ubuntu1	pool/main/m/mesa/libglx-mesa0_26.0.3-1ubuntu1_arm64.deb	117364	1e975ed69c50c70a1a77f6e364404964293c00859b9cdd129e01867a9016c5cc
libglx0	1.7.0-3	pool/main/libg/libglvnd/libglx0_1.7.0-3_arm64.deb	33030	9faaf5467b6ee9fd34ad5f847ae80137c03c133ac98491588a9eb5e8d3c27eb0
libglycin-2-0	2.1.1+ds-0ubuntu1	pool/main/g/glycin/libglycin-2-0_2.1.1+ds-0ubuntu1_arm64.deb	1442968	38dc11f7572f0ea0f91122b838ae7aa7f778039936c540eb1e96628b389406e5
libgomp1	16-20260322-1ubuntu1	pool/main/g/gcc-16/libgomp1_16-20260322-1ubuntu1_arm64.deb	153930	a9d1fc09eebccb7049b408ef51362ad6c44d0421570d47410af072b52d14481e
libgraphite2-3	1.3.14-11ubuntu1	pool/main/g/graphite2/libgraphite2-3_1.3.14-11ubuntu1_arm64.deb	72124	31ea8971fa082b563b8c9fa09759913dd4c3f8c1f600c33f0764ffe5c81eedb4
libgtk2.0-0t64	2.24.33-10	pool/universe/g/gtk+2.0/libgtk2.0-0t64_2.24.33-10_arm64.deb	1975940	90d24e2fdc2e0bb2f74ae5ad32078ed0a358f22d6bf5c879495710c61b1319fd
libgtk2.0-common	2.24.33-10	pool/universe/g/gtk+2.0/libgtk2.0-common_2.24.33-10_all.deb	126190	fa099ecf0da5a3db1d8355d527f21ba2338556312eb4d538706e9f69f9483c0e
libgudev-1.0-0	1:238-7build1	pool/main/libg/libgudev/libgudev-1.0-0_238-7build1_arm64.deb	15450	59187dafd345c4369883a5ad47874a16247c078f7272e7a10bd1c7222bf697d5
libharfbuzz0b	12.3.2-2	pool/main/h/harfbuzz/libharfbuzz0b_12.3.2-2_arm64.deb	510306	95e817f1079eea2bc15d685a9d37e6bc9374188ecdaa588981b60c380d65c6b8
libheif-plugin-aomdec	1.21.2-3	pool/main/libh/libheif/libheif-plugin-aomdec_1.21.2-3_arm64.deb	14196	49845f0dad3f8aa8f7a6b9c2c82aed8c4b8b9499085d03ad45556bb24a7d8c41
libheif1	1.21.2-3	pool/main/libh/libheif/libheif1_1.21.2-3_arm64.deb	502570	fbb089f2bf00c2ce16c9f5dbb300fae920c227c1d62d866932fd19317bb6266d
libhwy1t64	1.3.0-2	pool/main/h/highway/libhwy1t64_1.3.0-2_arm64.deb	513342	63c2a37be9d5c8d5d259c5790aab6fa87c25bd743a9d7e136835bfae441a25eb
libibus-1.0-5	1.5.34~rc2-1	pool/main/i/ibus/libibus-1.0-5_1.5.34~rc2-1_arm64.deb	184442	31c2716ab1f539bf89ef619ee2fb498cdaaf3c96b6a875a56bbdbd2fb973386d
libice6	2:1.1.1-1build1	pool/main/libi/libice/libice6_1.1.1-1build1_arm64.deb	42984	c4c1771030d364b679cb8dfe67b51ddaa65d9e51377895d37b5cf3b14e02c87a
libinput-bin	1.31.1-1	pool/main/libi/libinput/libinput-bin_1.31.1-1_arm64.deb	24296	d99cc7dd49442fd16bf8be6c5207926f8bbf49b6c18eb0730c402794330efe88
libinput10	1.31.1-1	pool/main/libi/libinput/libinput10_1.31.1-1_arm64.deb	153704	482a92eae66266cfd8607dbba04f2f83bddf487bb22fc8797e27444b5a7dab51
libjpeg-turbo8	2.1.5-4ubuntu4	pool/main/libj/libjpeg-turbo/libjpeg-turbo8_2.1.5-4ubuntu4_arm64.deb	157398	cd6cac6155d81d8d2e4a53693a7c91b42b26d1e84d018792d319c24cddaaf9d8
libjpeg8	8c-2ubuntu12	pool/main/libj/libjpeg8-empty/libjpeg8_8c-2ubuntu12_arm64.deb	2142	295ec4d6072c71e33eb3a1746d1f7fc0dc75c15352c4166f814ca8e5f14b85c5
libjsoncpp26	1.9.6-5	pool/main/libj/libjsoncpp/libjsoncpp26_1.9.6-5_arm64.deb	77662	6311e8b5fa68d1bca5be053d5abbd0f9639bf05d0f515f4255add9f6c11f280e
libjxl0.11	0.11.1-6ubuntu4	pool/main/j/jpeg-xl/libjxl0.11_0.11.1-6ubuntu4_arm64.deb	903860	d46272670412443737b0699136454fcbfbf18731da83eaccd98160f38b65d64a
liblcms2-2	2.17-1	pool/main/l/lcms2/liblcms2-2_2.17-1_arm64.deb	170160	29de0db4d3d96169ea1020d59742f6c30911d106d8799dbf2ec934f05217c395
libliftoff0	0.5.0-1.1build1	pool/universe/libl/libliftoff/libliftoff0_0.5.0-1.1build1_arm64.deb	16456	7d68b1917cd606ed890f7e2eb39c6243d51339c3862f785388813539c1827868
libllvm21	1:21.1.8-6ubuntu1	pool/main/l/llvm-toolchain-21/libllvm21_21.1.8-6ubuntu1_arm64.deb	29412482	f2b6894d77b02a629b689e07ee5431f0155f1b8f857ac1e3f2153337dfcc1fcb
libluajit-5.1-2	2.1.0+openresty20251030-1	pool/universe/l/luajit/libluajit-5.1-2_2.1.0+openresty20251030-1_arm64.deb	278442	bb68b33f0671ec1729deccbf5d7a34ac5c34c580f2ff6da72daa6f2a1f86622e
libluajit-5.1-common	2.1.0+openresty20251030-1	pool/universe/l/luajit/libluajit-5.1-common_2.1.0+openresty20251030-1_all.deb	54694	2561477c493b3d055b5777f165c4f154a00d56344ad0b76d9a83e31254769222
libmp3lame0	3.101~svn6525+dfsg-2	pool/main/l/lame/libmp3lame0_3.101~svn6525+dfsg-2_arm64.deb	119402	8d4155de686eb6fe6b32a4cb77a2e149451feeb7cf39580a2e1ca62661e45416
libmpg123-0t64	1.33.3-2	pool/main/m/mpg123/libmpg123-0t64_1.33.3-2_arm64.deb	176816	5ec259600c153a109bcc8a68a168b8eaba8d4752cbba0ba2bfe78547260193c1
libmtdev1t64	1.1.7-1build1	pool/main/m/mtdev/libmtdev1t64_1.1.7-1build1_arm64.deb	14904	17f51e5b4294614286e28c962b9266464fa378f8760c5c8a8e978dbfa10bc71d
libnm0	1.54.3-2ubuntu3	pool/main/n/network-manager/libnm0_1.54.3-2ubuntu3_arm64.deb	484058	96f71ff05e5993316d190689ac8f771727cef5d259d5dd0f0859db8979d9cf02
libnspr4	2:4.38.2-1ubuntu1	pool/main/n/nspr/libnspr4_4.38.2-1ubuntu1_arm64.deb	115592	68fbec4a0cf03f76274be9f3f999119ca2ba45c61dc65d64473afe1076f1fb09
libnss3	2:3.120-1ubuntu2	pool/main/n/nss/libnss3_3.120-1ubuntu2_arm64.deb	1433642	a20c803742476c8b08ae1389f1ffca486075eefe7463e3fa34640873156f931a
liboeffis1	1.5.0-3	pool/main/libe/libei/liboeffis1_1.5.0-3_arm64.deb	12494	d8c9b439fc6f1dc3e60c540eeccc4cf00d2b1e6abaca70359306bc4b3ac58752
libogg0	1.3.6-2	pool/main/libo/libogg/libogg0_1.3.6-2_arm64.deb	23026	53f0b4dfa389feb269bf46318b60b992f5c650d5febf82258638e89e88680ef5
libopenal-data	1:1.25.1-2	pool/universe/o/openal-soft/libopenal-data_1.25.1-2_all.deb	163062	92dd8ba066527a11bd8bbbec43c3815fc04b49a99eeee9890b9653b9b370ca24
libopenal1	1:1.25.1-2	pool/universe/o/openal-soft/libopenal1_1.25.1-2_arm64.deb	709342	1374e6ae3f4da6559649f51d8d1f34fb4d11d971e6352e23cc1befbc77cf105f
libopenvr-api2	2.12.1~ds1-1	pool/multiverse/o/openvr/libopenvr-api2_2.12.1~ds1-1_arm64.deb	23118	05620f7e4796a4b7a391bb5d74c6f586a7728eedb1dd53fa9310e592e0b293dd
libopus0	1.6.1-1	pool/main/o/opus/libopus0_1.6.1-1_arm64.deb	3537984	f87955a9649c7e76c575843047a2cbf309d29248de439d1cb84f95ebdd959eed
libpango-1.0-0	1.57.0-1	pool/main/p/pango1.0/libpango-1.0-0_1.57.0-1_arm64.deb	237964	50f960f52ae6ebe7dde9aa363e06eb27aee7d3dcacb6e5922b3a277708d27227
libpangocairo-1.0-0	1.57.0-1	pool/main/p/pango1.0/libpangocairo-1.0-0_1.57.0-1_arm64.deb	27898	be644bbc1add414a8f42595a448d1a9bf09ece1e4c5176fa812f99a8ae3d8566
libpangoft2-1.0-0	1.57.0-1	pool/main/p/pango1.0/libpangoft2-1.0-0_1.57.0-1_arm64.deb	51534	1c2afaeb28d94ab80193b725e3e75a2b0216abad05cbbf062183c1a208fd1161
libpipewire-0.3-0t64	1.6.2-1ubuntu1	pool/main/p/pipewire/libpipewire-0.3-0t64_1.6.2-1ubuntu1_arm64.deb	291324	d95acdb17327168351c33599680ff546d1175566f2759285d3b3047700317858
libpixman-1-0	0.46.4-1	pool/main/p/pixman/libpixman-1-0_0.46.4-1_arm64.deb	203872	698cfdd737b50da27a926c262b7ce25370d4e95f182151b2b916ceb9a857c0bb
libpng16-16t64	1.6.57-1	pool/main/libp/libpng1.6/libpng16-16t64_1.6.57-1_arm64.deb	187212	5d455489a958be0a231da0fc64bffa47fc1b0b790fbff4ecc421041af7fc76ef
libpulse0	1:17.0+dfsg1-2ubuntu4	pool/main/p/pulseaudio/libpulse0_17.0+dfsg1-2ubuntu4_arm64.deb	270590	069e82fc14dfbe3a69caec1b50524e025c38ab8560bb96576e49f3c21897be46
librsvg2-2	2.61.3+dfsg-3	pool/main/libr/librsvg/librsvg2-2_2.61.3+dfsg-3_arm64.deb	1754222	cfde71f8fc47717ee41cd6877368a09cab2ce319e8cc085b6aab41027a6f9e31
libsamplerate0	0.2.2-4build2	pool/main/libs/libsamplerate/libsamplerate0_0.2.2-4build2_arm64.deb	1340570	17484c4dde6fbd56c05dd902fecfd2ecdb8182f0da07cee37d8fbec926bcdfe4
libsdl2-2.0-0	2.32.10+dfsg-6	pool/main/libs/libsdl2/libsdl2-2.0-0_2.32.10+dfsg-6_arm64.deb	14030	0d322f442c5cc71f6615d21a082893d4beaf55f384afa91d238cf0c150515203
libsdl2-classic	2.32.10+dfsg-6	pool/main/libs/libsdl2/libsdl2-classic_2.32.10+dfsg-6_arm64.deb	673864	afb06f8ed8a6ef987158ce1ad2efec6540620464abf067889b9a6b9c0861e4f2
libseat1	0.9.2-2	pool/universe/s/seatd/libseat1_0.9.2-2_arm64.deb	27508	6a6dfb2214b23370a0cc5660170b965845e9c9901c077960b2acbec22b81d551
libsensors-config	1:3.6.2-2build1	pool/main/l/lm-sensors/libsensors-config_3.6.2-2build1_all.deb	6862	57193f731de79bbad343a1369e6e95b13096c08ba166c7e193bfc24d78f960fb
libsensors5	1:3.6.2-2build1	pool/main/l/lm-sensors/libsensors5_3.6.2-2build1_arm64.deb	29074	dc63821eccb23cf1784bad5287f9d6bed4e461c836372f5edd30fd5c609ff8af
libsharpyuv0	1.5.0-0.1build1	pool/main/libw/libwebp/libsharpyuv0_1.5.0-0.1build1_arm64.deb	16726	69ef3640114dd49c912ceadddd3ebb4eec5c90784b35665d7eae3f0fe7533360
libsm6	2:1.2.6-1build1	pool/main/libs/libsm/libsm6_1.2.6-1build1_arm64.deb	16798	ff3db9035a79798eb66bdc46547d7f07c88cb64fc701cea3d0133f88843e141a
libsndfile1	1.2.2-4	pool/main/libs/libsndfile/libsndfile1_1.2.2-4_arm64.deb	212718	660bdfb201fffe57324a6373c62f735cf29af03b0df1a8fe8ccb5df84968ad87
libspa-0.2-modules	1.6.2-1ubuntu1	pool/main/p/pipewire/libspa-0.2-modules_1.6.2-1ubuntu1_arm64.deb	1075266	d89c20d226586e1df3723014e6a0bf1be63ab8a343c0fa4421e6213e75704dfe
libthai-data	0.1.30-1	pool/main/libt/libthai/libthai-data_0.1.30-1_all.deb	154800	345fa75fcec8b562e2c6a4a5cd61187e7b825c8379fadb7f3f60d64d73ab1b72
libthai0	0.1.30-1	pool/main/libt/libthai/libthai0_0.1.30-1_arm64.deb	18328	d1d8da47cc345689ef0d117791b2e00b801765a53cbf3d0ce7f6b91b7d15be1b
libva2	2.23.0-1ubuntu1	pool/main/libv/libva/libva2_2.23.0-1ubuntu1_arm64.deb	74902	32eb1f4b19712706cab329faea87160c48476bd500c203dbb066762d465215cd
libvorbis0a	1.3.7-3build2	pool/main/libv/libvorbis/libvorbis0a_1.3.7-3build2_arm64.deb	96562	d4adfb77a7ea7f68f73862ce2e7f2786d997f992508981bb2e37f81c539a878f
libvorbisenc2	1.3.7-3build2	pool/main/libv/libvorbis/libvorbisenc2_1.3.7-3build2_arm64.deb	79494	543fd0c07887df036cad5a913057dd0c58a60fd6de2709a721900bfce87dfa28
libvulkan1	1.4.341.0-1	pool/main/v/vulkan-loader/libvulkan1_1.4.341.0-1_arm64.deb	170538	8d9391a08e98feaf791911f0c1ef56f7b272e65a555a432514b7a34c2e63251a
libwacom-common	2.18.0-1	pool/main/libw/libwacom/libwacom-common_2.18.0-1_all.deb	117250	40498c518af6224bd21a931c8d393a93c318d52c2ee475432d6fa529c70c30ad
libwacom9	2.18.0-1	pool/main/libw/libwacom/libwacom9_2.18.0-1_arm64.deb	28454	12409a81bae015a1d39e0779ab88801aa8582a45ca442ca093b79f1e2d1f0b49
libwayland-client0	1.24.0-2	pool/main/w/wayland/libwayland-client0_1.24.0-2_arm64.deb	27590	8459ccec5bdd6aa15dd1e75ea450d97e514f8448e529c4fd08cc036f23f4235a
libwayland-cursor0	1.24.0-2	pool/main/w/wayland/libwayland-cursor0_1.24.0-2_arm64.deb	10646	3335233608016b05401f0c95cd81c9d830cf7be92b3681829e2f26cbf55dd394
libwayland-egl1	1.24.0-2	pool/main/w/wayland/libwayland-egl1_1.24.0-2_arm64.deb	6172	c45add63e3f928c6f1b11580ac10c7b06a9c3c8d5f302c409138033e8d682357
libwayland-server0	1.24.0-2	pool/main/w/wayland/libwayland-server0_1.24.0-2_arm64.deb	35812	8fe592fc0efe0a3dd8f194e88db9f04e58f810d7af77208dc825dab742b9582d
libwebrtc-audio-processing-1-3	1.3-3build2	pool/main/w/webrtc-audio-processing/libwebrtc-audio-processing-1-3_1.3-3build2_arm64.deb	378400	4622886467d822d118c90d72a0d489b6f6d038862652984d1e3a820f91ed190f
libwlroots-0.19	0.19.2-1	pool/universe/w/wlroots/libwlroots-0.19_0.19.2-1_arm64.deb	431492	e16372384c6c977721d9a1f1a9beb83a74052e43ba9b05979ac4608653865aa5
libx11-6	2:1.8.13-1	pool/main/libx/libx11/libx11-6_1.8.13-1_arm64.deb	652114	955ede3dfadc55c6257f5d8d2d7ed2f60891afc79c310c76f238bc2f1c83f7de
libx11-data	2:1.8.13-1	pool/main/libx/libx11/libx11-data_1.8.13-1_all.deb	114288	8188c233d59dc419205c314ef8f230fc83ca7a3e7e9b9671f18b469fd3e428ae
libx11-xcb1	2:1.8.13-1	pool/main/libx/libx11/libx11-xcb1_1.8.13-1_arm64.deb	8126	89a98329e5251691050be79fccb10a4bee31cd538c310300795893cb9a46a2c8
libxau6	1:1.0.11-1build2	pool/main/libx/libxau/libxau6_1.0.11-1build2_arm64.deb	7644	2df4a14fea0c98f2e52c8ad3e2cfed6f5d40b66e5aa15af01eba24edfe2686ae
libxaw7	2:1.0.16-1build1	pool/main/libx/libxaw/libxaw7_1.0.16-1build1_arm64.deb	183142	a1e47e8c7d1762b7378ed3778f5ddeffe6417a51edf10cff9c0b1e637f6496f5
libxcb-composite0	1.17.0-2ubuntu1	pool/main/libx/libxcb/libxcb-composite0_1.17.0-2ubuntu1_arm64.deb	5496	cd2358231ac34877dd27fd8976e6f742e2bb5d0a189d0c5e187a02692f2c19fe
libxcb-dri3-0	1.17.0-2ubuntu1	pool/main/libx/libxcb/libxcb-dri3-0_1.17.0-2ubuntu1_arm64.deb	7624	a3f538fb0f99824a36ce248d91d87bba985006cc19554c44eee214482c588368
libxcb-errors0	1.0.1-4build1	pool/universe/x/xcb-util-errors/libxcb-errors0_1.0.1-4build1_arm64.deb	12368	88c7b3fe5d401d0dc1d148133fddd3700f7a3044c80a0061c135f64ebc1c8961
libxcb-ewmh2	0.4.2-1build1	pool/universe/x/xcb-util-wm/libxcb-ewmh2_0.4.2-1build1_arm64.deb	16868	6526bfb4c5ab06949bbf0aade3950e1691d6ed88e85f766baf7b729f9c815812
libxcb-glx0	1.17.0-2ubuntu1	pool/main/libx/libxcb/libxcb-glx0_1.17.0-2ubuntu1_arm64.deb	25128	d9dea4d64d7b5c33cabdaf0cccc67c4eed1a6f400e8ea2e71d0d581f9672b0c8
libxcb-icccm4	0.4.2-1build1	pool/universe/x/xcb-util-wm/libxcb-icccm4_0.4.2-1build1_arm64.deb	10924	87751190cc0c61c151937d4f17ea74da6a8b40d3571e92d9a463d0f9dfabed9a
libxcb-present0	1.17.0-2ubuntu1	pool/main/libx/libxcb/libxcb-present0_1.17.0-2ubuntu1_arm64.deb	6198	511b6c9afab2790d10f808c1bd1a24c81cedeb6600ed1ad517a17c8e9a5ef23b
libxcb-randr0	1.17.0-2ubuntu1	pool/main/libx/libxcb/libxcb-randr0_1.17.0-2ubuntu1_arm64.deb	18060	64bce047a66f7f8ce5a64f93fd43c946e74c2cf679ee142e9502891ad362963f
libxcb-render-util0	0.3.10-1build1	pool/universe/x/xcb-util-renderutil/libxcb-render-util0_0.3.10-1build1_arm64.deb	10412	dcf55b5eeb0c44bbc2b09c466e145f9eb208059af6e1ef340c4090e018865fed
libxcb-render0	1.17.0-2ubuntu1	pool/main/libx/libxcb/libxcb-render0_1.17.0-2ubuntu1_arm64.deb	16412	2a623dd24bc7cf5e80f2fc8ee537dab02b70dbb72a68903676a99a629cd40356
libxcb-res0	1.17.0-2ubuntu1	pool/main/libx/libxcb/libxcb-res0_1.17.0-2ubuntu1_arm64.deb	7040	aea3d43edf514c7a9ffa1cee9e56aae7bdbf49415a560d8e18ec658f072cc898
libxcb-shm0	1.17.0-2ubuntu1	pool/main/libx/libxcb/libxcb-shm0_1.17.0-2ubuntu1_arm64.deb	5938	dbcf77b20a17a95fbe3ca52c5cd607a682ada8f70eb7c36dbcf1d8b2aab84533
libxcb-sync1	1.17.0-2ubuntu1	pool/main/libx/libxcb/libxcb-sync1_1.17.0-2ubuntu1_arm64.deb	9620	4904208813f265e5cc452d0eac62501d3b42a9d0c326d447d8e81bacd0604c78
libxcb-xfixes0	1.17.0-2ubuntu1	pool/main/libx/libxcb/libxcb-xfixes0_1.17.0-2ubuntu1_arm64.deb	10430	619b45cdb525ed16a9ff466dd11497d1361482dbefa31da2029cb209fd8dbab2
libxcb-xinput0	1.17.0-2ubuntu1	pool/main/libx/libxcb/libxcb-xinput0_1.17.0-2ubuntu1_arm64.deb	33270	5b75a138be89419f953db6ebf6dab6aeba85cdd41ee8f56b3eb8a892b04ccca1
libxcb1	1.17.0-2ubuntu1	pool/main/libx/libxcb/libxcb1_1.17.0-2ubuntu1_arm64.deb	49190	59fa782e45c93a024851df6fb92d5a0d5c84416898b9640c35ece50d1f2fdfda
libxcomposite1	1:0.4.6-1build1	pool/main/libx/libxcomposite/libxcomposite1_0.4.6-1build1_arm64.deb	6728	25305e0f072a874e3ae78cbb435d9b8486a1ab32e76a13b5517efebc5ebec976
libxcursor1	1:1.2.3-1build1	pool/main/libx/libxcursor/libxcursor1_1.2.3-1build1_arm64.deb	22030	2cb3b07531a725c004d8d1adf15ed4af0b06388f73c7b1afb67c56b786a445ce
libxcvt0	0.1.3-1build1	pool/main/libx/libxcvt/libxcvt0_0.1.3-1build1_arm64.deb	5736	f169050b86cc94801ec3df5f55b84652220f6899129f7fa11549e8dae364a8c1
libxdamage1	1:1.1.7-1	pool/main/libx/libxdamage/libxdamage1_1.1.7-1_arm64.deb	6688	907d9fe1af56e15a8048c3c90cf8d02a5ea3d0b017cf03b4bdd6c0d64f1bd1e6
libxdmcp6	1:1.1.5-2	pool/main/libx/libxdmcp/libxdmcp6_1.1.5-2_arm64.deb	10856	e90265c37e823b293a4c0db30a906772d6f675d15a73c747c7431b5a5b0db8e6
libxext6	2:1.3.4-1build3	pool/main/libx/libxext/libxext6_1.3.4-1build3_arm64.deb	30222	ca31152c03800241e64bb8623a642493bfc76bcfa151398931e92f277dc85fb7
libxfixes3	1:6.0.0-2build2	pool/main/libx/libxfixes/libxfixes3_6.0.0-2build2_arm64.deb	11368	04c2b8fb6d291f09b61a8ff0f1272af986989a53272706593c96f52604c20383
libxfont2	1:2.0.6-2	pool/main/libx/libxfont/libxfont2_2.0.6-2_arm64.deb	90772	366922544e366e5bcac68cf75f5d3a2365d7e7d9d51614de76f94ec284227114
libxi6	2:1.8.2-2	pool/main/libx/libxi/libxi6_1.8.2-2_arm64.deb	32368	6307d8b29391ff2cb3ff1e38d2ef8c98978d6383351a7b5e3f81b37227875099
libxinerama1	2:1.1.4-3build2	pool/main/libx/libxinerama/libxinerama1_1.1.4-3build2_arm64.deb	6486	8631c4a359284e44a8ad21159d1d5647e4f36cd4fc405877d569006ec4722863
libxkbcommon0	1.13.1-1	pool/main/libx/libxkbcommon/libxkbcommon0_1.13.1-1_arm64.deb	156102	5e38f3f1edc2518779a1f687e92c105d8a75a80a3d72907b164565b9b951d264
libxkbfile1	1:1.1.0-1build5	pool/main/libx/libxkbfile/libxkbfile1_1.1.0-1build5_arm64.deb	68968	26529adc7b3e28a327a50496061fcedfae4ff84af6d555df7a301813ba6e1708
libxml2-16	2.15.2+dfsg-0.1	pool/main/libx/libxml2/libxml2-16_2.15.2+dfsg-0.1_arm64.deb	605362	2d2c8c56f50f5ae2371aec0dcf62a291db858bd11adaacbb29816557d0498e3c
libxmu6	2:1.1.3-4	pool/main/libx/libxmu/libxmu6_1.1.3-4_arm64.deb	47602	d22319638134d0ece7fbc6a71c7762349068c66b9b43cc24d4fdb7b8e6bf962d
libxpm4	1:3.5.17-1build3	pool/main/libx/libxpm/libxpm4_3.5.17-1build3_arm64.deb	35518	b04a859bc3dd445f8dbbedc54e09d3635eaabe324521cad6cf1502df8ad0807d
libxrandr2	2:1.5.4-1build1	pool/main/libx/libxrandr/libxrandr2_1.5.4-1build1_arm64.deb	19132	227fed6b5ac4b5d8c489e327f7ae923ec3df994003de631e4d70d328b85e65af
libxrender1	1:0.9.12-1build1	pool/main/libx/libxrender/libxrender1_0.9.12-1build1_arm64.deb	19312	68d8632814a9152392467aec92d93ea1c37ef254592fb263bee7c4fe946393b7
libxres1	2:1.2.1-1build2	pool/main/libx/libxres/libxres1_1.2.1-1build2_arm64.deb	6946	8451f55bb76efd7c06707f248883ca59a3a8d6e5348de50255faa265f20c7947
libxshmfence1	1.3.3-1build1	pool/main/libx/libxshmfence/libxshmfence1_1.3.3-1build1_arm64.deb	5482	4b288951c1ce9fa001640ee8f080505fa88f4b82039719199109c82082c9c7dd
libxss1	1:1.2.3-1build4	pool/main/libx/libxss/libxss1_1.2.3-1build4_arm64.deb	7102	8a46d061e3b6a048dcfad6b8439e2f292e33e26c19634635904d7b8bb3e144a9
libxt6t64	1:1.2.1-1.3build1	pool/main/libx/libxt/libxt6t64_1.2.1-1.3build1_arm64.deb	168338	d3bd4c4e60b622e842a59a8c69ff8280b802c3c61aca737cc7d74c9d6f27c1ee
libxtst6	2:1.2.5-1build1	pool/main/libx/libxtst/libxtst6_1.2.5-1build1_arm64.deb	13178	2afe49750b8731e65878dbffd308e8deb87a654117b30fa693a462789f2a217f
libxxf86vm1	1:1.1.4-2	pool/main/libx/libxxf86vm/libxxf86vm1_1.1.4-2_arm64.deb	10228	e76a55383d516ee68fed55ec15f94cf375a6f0f1ca349958ce0f02d72d507112
libyuv0	0.0.1922.20260106-1	pool/main/liby/libyuv/libyuv0_0.0.1922.20260106-1_arm64.deb	160292	82b4655c8b5b191610c9b2e6464fe1bd7100e0faf084646a214fe6798db8ceae
mesa-libgallium	26.0.3-1ubuntu1	pool/main/m/mesa/mesa-libgallium_26.0.3-1ubuntu1_arm64.deb	12304526	45bbeddbbe8e7b3d6b391e4e4499bc98563d321bb3d43e0e6795ff7da864144a
shared-mime-info	2.4-5build3	pool/main/s/shared-mime-info/shared-mime-info_2.4-5build3_arm64.deb	471394	31df0e1a9241404b6d34d1c8fb0187fd78728500a8fe01e06ce1379348c266c9
x11-common	1:7.7+26ubuntu1	pool/main/x/xorg/x11-common_7.7+26ubuntu1_all.deb	22520	60b7a5982b477e10b9f11e2278289135f79e9dc75a312575778b21a0a631bea5
x11-xkb-utils	7.7+9build1	pool/main/x/x11-xkb-utils/x11-xkb-utils_7.7+9build1_arm64.deb	164626	1bf9cb0b2730f0fcc7bf29cf3fb215df0bbf89bb717fa46d131214505134d0fe
xserver-common	2:21.1.22-1ubuntu1	pool/main/x/xorg-server/xserver-common_21.1.22-1ubuntu1_all.deb	29680	9865ebf6555ba9d7fae0bd3b1e66610e3404aa66495cb00bdd1f1d162cc14483
xwayland	2:24.1.10-1	pool/main/x/xwayland/xwayland_24.1.10-1_arm64.deb	953928	2d6d640774bc8ef9377564fe8d87c8723546244935b17aedc0f72cab78731b36
