abseil	20260107.0-4	pool/main/a/abseil/abseil_20260107.0-4.dsc	2506	b8fc458b987877678817522aa32d7803bc48adfdb9a0c277def6bf12cef3a921
abseil	20260107.0-4	pool/main/a/abseil/abseil_20260107.0.orig.tar.gz	2301048	4c124408da902be896a2f368042729655709db5e3004ec99f57e3e14439bc1b2
abseil	20260107.0-4	pool/main/a/abseil/abseil_20260107.0-4.debian.tar.xz	10760	de63eacd6c58d8e4fe32d9cc15ebf49529e3bc3d583d6474748a8e2574321aaf
alsa-lib	1.2.15.3-1ubuntu1	pool/main/a/alsa-lib/alsa-lib_1.2.15.3.orig.tar.bz2	1126411	7b079d614d582cade7ab8db2364e65271d0877a37df8757ac4ac0c8970be861e
alsa-lib	1.2.15.3-1ubuntu1	pool/main/a/alsa-lib/alsa-lib_1.2.15.3.orig.tar.bz2.asc	833	742748632601a85e3a6d4b68b07a04354d93e868aeedae5ec71fc6f17d1bc6fe
alsa-lib	1.2.15.3-1ubuntu1	pool/main/a/alsa-lib/alsa-lib_1.2.15.3-1ubuntu1.debian.tar.xz	34592	7a2d6da992563474bdb212ba3eebc50b989740b1657a265fe103820c804e92e8
alsa-lib	1.2.15.3-1ubuntu1	pool/main/a/alsa-lib/alsa-lib_1.2.15.3-1ubuntu1.dsc	3046	2ee98585908e0daa71d259de3348457d33aa4566a4a423f3a0fa52b4967b8a14
aom	3.13.1-2	pool/main/a/aom/aom_3.13.1-2.dsc	2402	f55a29106fee067b34566cdaefd42e72aa7293ab26a7ab05903de05b4cb6bffc
aom	3.13.1-2	pool/main/a/aom/aom_3.13.1.orig.tar.gz	6262920	73f73d1ef94f93868edf2fae2bf80eca9c66a5813cfa63ef5e4c8d367c84e814
aom	3.13.1-2	pool/main/a/aom/aom_3.13.1-2.debian.tar.xz	20840	6617c623a0b4cbc3eab39a222bea3671b5e46fc8c4598b493e173f565810479e
dav1d	1.5.3-1	pool/universe/d/dav1d/dav1d_1.5.3-1.dsc	2290	1592217a09f18e62b59851631d467c931c5891dacd087e02a7469c379b5e819c
dav1d	1.5.3-1	pool/universe/d/dav1d/dav1d_1.5.3.orig.tar.xz	1022836	732010aa5ef461fa93355ed2c6c5fedb48ddc4b74e697eaabe8907eaeb943011
dav1d	1.5.3-1	pool/universe/d/dav1d/dav1d_1.5.3.orig.tar.xz.asc	195	8a3edf1d814175c61c4b8ccb752e6d9b3a795c9c14aa83243239e782ba935224
dav1d	1.5.3-1	pool/universe/d/dav1d/dav1d_1.5.3-1.debian.tar.xz	8572	2701010cf2ed259c4970bb945be99ca271be2515e90052ec6fc48c0a6317afd8
fftw3	3.3.10-2fakesync1build3	pool/main/f/fftw3/fftw3_3.3.10.orig.tar.gz	4262403	5499874012aa6ea6c597b8c3807494e271ab2426a889e95d5cc4d154b825e8a0
fftw3	3.3.10-2fakesync1build3	pool/main/f/fftw3/fftw3_3.3.10-2fakesync1build3.debian.tar.xz	14896	13968a263db24bd87d5f8c613d8fc9b6a2660e41cb731758e19941b2c466c107
fftw3	3.3.10-2fakesync1build3	pool/main/f/fftw3/fftw3_3.3.10-2fakesync1build3.dsc	2893	b819e925fd8675b16b447caef66e24bf61fda926bfce5921bfc8e524e94f060f
flac	1.5.0+ds-5	pool/main/f/flac/flac_1.5.0+ds-5.dsc	2378	88b5adebad0a74009f3ecc1c1ba14a2fd1d0a82946fb6e4a4e29e315819861fe
flac	1.5.0+ds-5	pool/main/f/flac/flac_1.5.0+ds.orig.tar.xz	811148	51d6a5bf5a37b67f9af847daa07c07091f6bf1583d5abb7fbb064bc68428b0f1
flac	1.5.0+ds-5	pool/main/f/flac/flac_1.5.0+ds-5.debian.tar.xz	17856	9dbd58f2b29652d570d6d8c8255bb124600e4f129b9e82ce02bcfcfb6e6f81be
freetype	2.14.2+dfsg-1	pool/main/f/freetype/freetype_2.14.2+dfsg-1.dsc	4011	023b652a0f69e156fcddea9efa3b1862d6825cdc8bb0fc90ecea11a9912e7d1f
freetype	2.14.2+dfsg-1	pool/main/f/freetype/freetype_2.14.2+dfsg.orig-ft2demos.tar.xz	347364	ae9ed4b095e73a3fbdb90363c138ea62ac4b0f55aa4bb345b9b2458783f9284f
freetype	2.14.2+dfsg-1	pool/main/f/freetype/freetype_2.14.2+dfsg.orig-ft2demos.tar.xz.asc	833	96e70ae6a1ee502ad6be9ec37ed32e11cb95f14d074863b9ca167468ccb0a8d9
freetype	2.14.2+dfsg-1	pool/main/f/freetype/freetype_2.14.2+dfsg.orig-ft2docs.tar.xz	2176140	0514edfd6a7b480f753aa48789d7112038a218b0b06afdca320c4bcbc2f66e6b
freetype	2.14.2+dfsg-1	pool/main/f/freetype/freetype_2.14.2+dfsg.orig-ft2docs.tar.xz.asc	833	67ca2966fa57ab5324c87c61dd7bd8ead5101e15e162dcf6b33705c6b5f331ad
freetype	2.14.2+dfsg-1	pool/main/f/freetype/freetype_2.14.2+dfsg.orig.tar.xz	2246044	9a2bdc2c992fa82a309eccf5e8bcbf2a380a98ba22f9f2ec7e56767739a19a0a
freetype	2.14.2+dfsg-1	pool/main/f/freetype/freetype_2.14.2+dfsg-1.debian.tar.xz	44108	74aad036b35a207c1dc7c262b52ba93eca1edafb8aaef16a26eccad71e82de84
gamescope	3.16.20+ds-1	pool/multiverse/g/gamescope/gamescope_3.16.20+ds-1.dsc	2664	ac2b4004ef7c3a4d2a25f560c62a94ac449a2c249624e0044840d1cf5e472e86
gamescope	3.16.20+ds-1	pool/multiverse/g/gamescope/gamescope_3.16.20+ds.orig.tar.xz	1360972	a27984fdab2bbfe353efc772de214ae88cccab07c4507747ed4b7f063b2faa0e
gamescope	3.16.20+ds-1	pool/multiverse/g/gamescope/gamescope_3.16.20+ds-1.debian.tar.xz	13684	ae6e9bac39b576e7d9c15912a713796049a29756f6858364ef49bd02197cb153
gcc-16	16-20260322-1ubuntu1	pool/main/g/gcc-16/gcc-16_16-20260322.orig.tar.gz	101830903	7be0bbf2ed1797e31161993ea641331d230b9b95f1ca263e7e840a5843b61a4a
gcc-16	16-20260322-1ubuntu1	pool/main/g/gcc-16/gcc-16_16-20260322-1ubuntu1.debian.tar.xz	629144	d2912b1539846a5bfbe23e22191fb510d70af5d54ec2af5a15edff9b0ab95d9b
gcc-16	16-20260322-1ubuntu1	pool/main/g/gcc-16/gcc-16_16-20260322-1ubuntu1.dsc	52875	64a579a45be2dafef92bf8e0984223dd1c009df061d2890f584fd8c08f41b2f2
lame	3.101~svn6525+dfsg-2	pool/main/l/lame/lame_3.101~svn6525+dfsg-2.dsc	2269	a31e279fc4a5ef26015c95b1ca62076f35627e2031640562498cddef7b31a902
lame	3.101~svn6525+dfsg-2	pool/main/l/lame/lame_3.101~svn6525+dfsg.orig.tar.gz	1498092	c4c3aae99c495d50caac9a181fbd6f5f7fb5859ad2d27431ec7a0a0010bdec01
lame	3.101~svn6525+dfsg-2	pool/main/l/lame/lame_3.101~svn6525+dfsg-2.debian.tar.xz	10568	bd2d8fb86ba7e2a19e99decceee84a4df97ff84b77f4976bb7e89a29d0c93331
lcms2	2.17-1	pool/main/l/lcms2/lcms2_2.17-1.dsc	2043	a3676dd367cf71f2009b3c1bcbf460527a1c9803831a8ae77b5bb6abe3b6f6a5
lcms2	2.17-1	pool/main/l/lcms2/lcms2_2.17.orig.tar.gz	5245319	d11af569e42a1baa1650d20ad61d12e41af4fead4aa7964a01f93b08b53ab074
lcms2	2.17-1	pool/main/l/lcms2/lcms2_2.17-1.debian.tar.xz	11760	df1cb3ab197b4451ca1e33c4828ee1004f849387e49becfb1ecfc9a5633cab5c
libasyncns	0.8-7	pool/main/liba/libasyncns/libasyncns_0.8-7.dsc	1949	c1deb7b591ef55e92a5a17b998bd7e2108d41e21ab0d86da95598f3a57144007
libasyncns	0.8-7	pool/main/liba/libasyncns/libasyncns_0.8.orig.tar.gz	341591	4f1a66e746cbe54ff3c2fbada5843df4fbbbe7481d80be003e8d11161935ab74
libasyncns	0.8-7	pool/main/liba/libasyncns/libasyncns_0.8-7.debian.tar.xz	5152	238cf611711cfd4f9a90fff178e01cc2406516ffb856caaac6b0f7a0c605cf6b
libavif	1.3.0-1ubuntu4	pool/universe/liba/libavif/libavif_1.3.0.orig-libargparse.tar.gz	22748	5671faeda13789d19a228368c2004b2f3fb488a15a0718ae16e9ce0fdb74db67
libavif	1.3.0-1ubuntu4	pool/universe/liba/libavif/libavif_1.3.0.orig.tar.gz	14062497	0a545e953cc049bf5bcf4ee467306a2f113a75110edf59e61248873101cd26c1
libavif	1.3.0-1ubuntu4	pool/universe/liba/libavif/libavif_1.3.0-1ubuntu4.debian.tar.xz	13152	25bc4150d211781faf7a3081879f5572dfd63f7c5e0bc9104fc201454cba6d55
libavif	1.3.0-1ubuntu4	pool/universe/liba/libavif/libavif_1.3.0-1ubuntu4.dsc	3083	87fe125ef40593d0c13f0c7f913c556104e383ede8590b7924f596696a900850
libdecor-0	0.2.5-1	pool/main/libd/libdecor-0/libdecor-0_0.2.5-1.dsc	2800	160fe3250942685a3667e667a2f2d191187587be30ecf7ac5eba694f0f663e2c
libdecor-0	0.2.5-1	pool/main/libd/libdecor-0/libdecor-0_0.2.5.orig.tar.xz	45092	5aa8cb05ed8e2bfea0791342072108aa41965700d7b848d4cc2f866c6a2b8734
libdecor-0	0.2.5-1	pool/main/libd/libdecor-0/libdecor-0_0.2.5-1.debian.tar.xz	6864	66967e7a962f213f6227806b9e09ab426aea47e828e2efd6c29b7f779bf85614
libdisplay-info	0.3.0-1	pool/main/libd/libdisplay-info/libdisplay-info_0.3.0-1.dsc	2178	df30fdb92d6fdb186872a8d236f3f3ccb64b4fbcd154a00f1b5334ebd41478a5
libdisplay-info	0.3.0-1	pool/main/libd/libdisplay-info/libdisplay-info_0.3.0.orig.tar.bz2	115512	915cc6713b7b2e173a90f9db248fb8994f9668171fecc1e9fded5e36bb34d890
libdisplay-info	0.3.0-1	pool/main/libd/libdisplay-info/libdisplay-info_0.3.0-1.debian.tar.xz	9448	0978f1bf3576042eb79a0d4b4db0286a4997b56de2d6f7a9eb50dbf4b73cd3fd
libdrm	2.4.131-1	pool/main/libd/libdrm/libdrm_2.4.131-1.dsc	3181	2745f7192c135869963a495ef93880a39eb080c180e5a53afc9226dbb5c1df60
libdrm	2.4.131-1	pool/main/libd/libdrm/libdrm_2.4.131.orig.tar.xz	435808	45ba9983b51c896406a3d654de81d313b953b76e6391e2797073d543c5f617d5
libdrm	2.4.131-1	pool/main/libd/libdrm/libdrm_2.4.131.orig.tar.xz.asc	833	b2bb056fafc174a61878a81e1dd755eaa6d28f0ab6b8033fdbfa65fc6e0652bb
libdrm	2.4.131-1	pool/main/libd/libdrm/libdrm_2.4.131-1.debian.tar.xz	75996	7c68e7cd01686c6eaa596179abe8f9897f20558ff8df047e3259c5987642e8b6
libei	1.5.0-3	pool/main/libe/libei/libei_1.5.0-3.dsc	2853	fa92c96ffb0f83c507c8cc5d1f210e56b5e446045c91375a4fc7a3b5a8876522
libei	1.5.0-3	pool/main/libe/libei/libei_1.5.0.orig-munit.tar.bz2	24972	2407d9d6b6bb99c4c5c7dc0ba25b760faff952c3374b68c78802e8de91b610e9
libei	1.5.0-3	pool/main/libe/libei/libei_1.5.0.orig.tar.bz2	184499	da1fba92daccd0667bc46c3ee952d4ae8cfc6bdb4c0bb4d34df26528fb240618
libei	1.5.0-3	pool/main/libe/libei/libei_1.5.0-3.debian.tar.xz	6144	be230ad4c73e43ef033e785580ed8d4fe8088cc4c61f72688febedee27b3aa4d
libepoxy	1.5.10-2build1	pool/main/libe/libepoxy/libepoxy_1.5.10.orig.tar.gz	332078	a7ced37f4102b745ac86d6a70a9da399cc139ff168ba6b8002b4d8d43c900c15
libepoxy	1.5.10-2build1	pool/main/libe/libepoxy/libepoxy_1.5.10-2build1.debian.tar.xz	17648	bf8ed4578aa15cbce2e67f1a1d735ee3388a13a50e4c9ace241a864cef640347
libepoxy	1.5.10-2build1	pool/main/libe/libepoxy/libepoxy_1.5.10-2build1.dsc	2107	1a110220397276bb6e0d0dbaa8718c9c87b11bf74a6804bc1d652a9153cb70e7
libevdev	1.13.6+dfsg-1	pool/main/libe/libevdev/libevdev_1.13.6+dfsg-1.dsc	2260	73afc24754c335dd2b64c8a05f358f2c28a598d6e805dea57ed7b0b7b9a2cf61
libevdev	1.13.6+dfsg-1	pool/main/libe/libevdev/libevdev_1.13.6+dfsg.orig.tar.xz	355852	6643222f13cfbead0e30b8b74600f6d335f6ebb1ad8cbaf85783e36886689071
libevdev	1.13.6+dfsg-1	pool/main/libe/libevdev/libevdev_1.13.6+dfsg-1.debian.tar.xz	8240	ed8592316bc0f5ec35b4893b82618bec772524a42bb5c4f0aae01aeb3a0b1f83
libfontenc	1:1.1.8-1build2	pool/main/libf/libfontenc/libfontenc_1.1.8.orig.tar.gz	405168	b55039f70959a1b2f02f4ec8db071e5170528d2c9180b30575dccf7510d7fb9f
libfontenc	1:1.1.8-1build2	pool/main/libf/libfontenc/libfontenc_1.1.8.orig.tar.gz.asc	833	3e42c5de5281768f2ba83c7519a2b572de04d4392a60167fa50a4f582d58025f
libfontenc	1:1.1.8-1build2	pool/main/libf/libfontenc/libfontenc_1.1.8-1build2.diff.gz	12213	a219f13f201fcf4d7a1e2920b92acf838a5ea0d95aed3ba3cd303d60fe46d4b3
libfontenc	1:1.1.8-1build2	pool/main/libf/libfontenc/libfontenc_1.1.8-1build2.dsc	2391	4bd65dbb3c10034bfaf5c0426e18867e118a1117050bd22f0d35c13c49be0960
libgav1	0.20.0-2build1	pool/universe/libg/libgav1/libgav1_0.20.0.orig.tar.xz	758912	953f98a5147f556f358ef986601fda7804cfaaa634302aa9b842fea889aa7e6c
libgav1	0.20.0-2build1	pool/universe/libg/libgav1/libgav1_0.20.0-2build1.debian.tar.xz	6972	4b2e98ce1c5ceb53090d2237a04e4adf54c54296bc1fabdd85c83acfa056f3f4
libgav1	0.20.0-2build1	pool/universe/libg/libgav1/libgav1_0.20.0-2build1.dsc	2154	9407cf8712a855315999e9e8e6514f902a471293391c8df11f972e59489f5389
libglvnd	1.7.0-3	pool/main/libg/libglvnd/libglvnd_1.7.0-3.dsc	2715	b4efcf015385c1e06052ac6e59f6c1bdbd4d2c5ff382970603f2f87ed6fb5205
libglvnd	1.7.0-3	pool/main/libg/libglvnd/libglvnd_1.7.0.orig.tar.gz	839809	073e7292788d4d3eeb45ea6c7bdcce9bfdb3b3eef8d7dbd47f2f30dce046ef98
libglvnd	1.7.0-3	pool/main/libg/libglvnd/libglvnd_1.7.0-3.debian.tar.xz	22348	c452e3f2a8b06941349652a3f28b95e112c5d41d48bfe2e271205f09a003ea6e
libgudev	238-7build1	pool/main/libg/libgudev/libgudev_238.orig.tar.xz	30548	61266ab1afc9d73dbc60a8b2af73e99d2fdff47d99544d085760e4fa667b5dd1
libgudev	238-7build1	pool/main/libg/libgudev/libgudev_238-7build1.debian.tar.xz	4960	8ea07a4ee5b4702dab5710180857570255d333ec83bd88c0794cd763ea708f76
libgudev	238-7build1	pool/main/libg/libgudev/libgudev_238-7build1.dsc	2410	70ebb4f2a200ba74df0b7a04e3509c52af27dff6c196f9c420b1b0888e3cc243
libice	2:1.1.1-1build1	pool/main/libi/libice/libice_1.1.1.orig.tar.gz	489944	04fbd34a11ba08b9df2e3cdb2055c2e3c1c51b3257f683d7fcf42dabcf8e1210
libice	2:1.1.1-1build1	pool/main/libi/libice/libice_1.1.1-1build1.diff.gz	7407	1e60fbbf8a7aaf66c08251608ae8203a6c7e9709e97bb37aa24e40d7a541ca18
libice	2:1.1.1-1build1	pool/main/libi/libice/libice_1.1.1-1build1.dsc	2016	962a510fab962b042108aa853090239bb09f3803b6b4609dd9d84b348923affa
libinput	1.31.1-1	pool/main/libi/libinput/libinput_1.31.1-1.dsc	2491	72a1839e5637462604ca18de749ee95a471ce076a0358f3f4c26ad9699ee3f39
libinput	1.31.1-1	pool/main/libi/libinput/libinput_1.31.1.orig.tar.gz	1175300	72c7d62a117f89a0e611d76b0a28ba8bf08fc24083d2678060aee8de88c87953
libinput	1.31.1-1	pool/main/libi/libinput/libinput_1.31.1-1.debian.tar.xz	11772	6171ac15eb2872f3f0026caf5b382248a75be44ad8c50b27d1a16cb03176326b
libjpeg-turbo	2.1.5-4ubuntu4	pool/main/libj/libjpeg-turbo/libjpeg-turbo_2.1.5.orig.tar.gz	2264471	254f3642b04e309fee775123133c6464181addc150499561020312ec61c1bf7c
libjpeg-turbo	2.1.5-4ubuntu4	pool/main/libj/libjpeg-turbo/libjpeg-turbo_2.1.5-4ubuntu4.debian.tar.xz	109408	d21399ce81b56f6899ed6e32515078007e6752b54ac20989ba8c1efaa469f755
libjpeg-turbo	2.1.5-4ubuntu4	pool/main/libj/libjpeg-turbo/libjpeg-turbo_2.1.5-4ubuntu4.dsc	2523	5f23a6a2921746eea896eab7eacbfc105412121ac22ac519e7105a7aa05f5acd
libjpeg8-empty	8c-2ubuntu12	pool/main/libj/libjpeg8-empty/libjpeg8-empty_8c-2ubuntu12.tar.gz	2021	71785e9a0081d45cd277426e2dc94dc45e6bcd3721199c6ae37956b4721ba3ed
libjpeg8-empty	8c-2ubuntu12	pool/main/libj/libjpeg8-empty/libjpeg8-empty_8c-2ubuntu12.dsc	1579	ef23a313872c672ff25d62bdff1707560bb1edb080fb7b764e76aae9a386d031
libjsoncpp	1.9.6-5	pool/main/libj/libjsoncpp/libjsoncpp_1.9.6-5.dsc	2246	a1132210f78ac8283d27d5dc6f39841d8daa7f9dfcd319885c8dc6e654905924
libjsoncpp	1.9.6-5	pool/main/libj/libjsoncpp/libjsoncpp_1.9.6.orig.tar.gz	212682	f93b6dd7ce796b13d02c108bc9f79812245a82e577581c4c9aabe57075c90ea2
libjsoncpp	1.9.6-5	pool/main/libj/libjsoncpp/libjsoncpp_1.9.6-5.debian.tar.xz	8584	fce1f86060c0cb3d3f21c0b9f11543299d83afebb9946e2872b46876e863a9a4
libliftoff	0.5.0-1.1build1	pool/universe/libl/libliftoff/libliftoff_0.5.0.orig.tar.xz	33244	ccb6db68a3262c28be96e5cd5b3b7d2b84a57876c736f887e978d31645e8d1f8
libliftoff	0.5.0-1.1build1	pool/universe/libl/libliftoff/libliftoff_0.5.0-1.1build1.debian.tar.xz	2784	90347373fd9a748db4a89f59b1623e2fe4e05f6172051279fb298d50a1089699
libliftoff	0.5.0-1.1build1	pool/universe/libl/libliftoff/libliftoff_0.5.0-1.1build1.dsc	1994	b1fc513a8e335a0ebbca6726256d85cf9dfcb105eb050cef005255a5cfd12c84
libogg	1.3.6-2	pool/main/libo/libogg/libogg_1.3.6-2.dsc	2094	967855d2d86d13e63a5f20f48176afedbf33ed12aeecae64b10526835e2865ea
libogg	1.3.6-2	pool/main/libo/libogg/libogg_1.3.6.orig.tar.xz	439952	5c8253428e181840cd20d41f3ca16557a9cc04bad4a3d04cce84808677fa1061
libogg	1.3.6-2	pool/main/libo/libogg/libogg_1.3.6-2.debian.tar.xz	18384	8a7a4b0468e29485df82b9109d1dfa8ba6b97649e3ebc1a08afa23b29d85fd4e
libpng1.6	1.6.57-1	pool/main/libp/libpng1.6/libpng1.6_1.6.57-1.dsc	2306	8ceac8450a053a4b8468109d8406d0965276479b0bbf631e858b099770e070c2
libpng1.6	1.6.57-1	pool/main/libp/libpng1.6/libpng1.6_1.6.57.orig.tar.gz	1591776	4cbb7b0746edc1683c9581b373365e955133b7f1243f171b7d1535b4415dfedb
libpng1.6	1.6.57-1	pool/main/libp/libpng1.6/libpng1.6_1.6.57-1.debian.tar.xz	33420	62429d02b2d6ba6b2cafafe3d58a8d0f7f5629220826507e110b784f1f844034
libsamplerate	0.2.2-4build2	pool/main/libs/libsamplerate/libsamplerate_0.2.2.orig.tar.gz	3954784	16e881487f184250deb4fcb60432d7556ab12cb58caea71ef23960aec6c0405a
libsamplerate	0.2.2-4build2	pool/main/libs/libsamplerate/libsamplerate_0.2.2-4build2.debian.tar.xz	7556	2fa53060df381009d7a80ce582d367709694ea7e19d2c54d90dae9c47b599517
libsamplerate	0.2.2-4build2	pool/main/libs/libsamplerate/libsamplerate_0.2.2-4build2.dsc	2226	b57ce46ab71f00187977de293b2f0b70419a76e5b6f494c4bc3106c9d64ee54e
libsdl2	2.32.10+dfsg-6	pool/main/libs/libsdl2/libsdl2_2.32.10+dfsg-6.dsc	3459	b91ea90fbf363fb8d1e50a3446ea615d866c3894c89ca0fe2c805775d071ab70
libsdl2	2.32.10+dfsg-6	pool/main/libs/libsdl2/libsdl2_2.32.10+dfsg.orig.tar.gz	5233512	31bac5add36f98b55e3fcf4456f0dab50a06cf06bbcde283be567f64b05b95f3
libsdl2	2.32.10+dfsg-6	pool/main/libs/libsdl2/libsdl2_2.32.10+dfsg-6.debian.tar.xz	47480	b88fa92adb41330d4d7c6f89c3e6ae07181a42751f37fa8ea15880e56148098b
libsm	2:1.2.6-1build1	pool/main/libs/libsm/libsm_1.2.6.orig.tar.gz	467497	166b4b50d606cdd83f1ddc61b5b9162600034f848b3e32ccbb0e63536b7d6cdd
libsm	2:1.2.6-1build1	pool/main/libs/libsm/libsm_1.2.6.orig.tar.gz.asc	833	b5e59abae8a79ae9901e73178dacf5af9d7c3b91704fd86de85d305fd7a17a7f
libsm	2:1.2.6-1build1	pool/main/libs/libsm/libsm_1.2.6-1build1.diff.gz	13398	17234fdf77977bf1b07e469325a93df33f3ddbb4a8218307a1bd2cbb28f14539
libsm	2:1.2.6-1build1	pool/main/libs/libsm/libsm_1.2.6-1build1.dsc	2326	b0f8ce6dd7c8c80730bbdfcc380944d47b2541eaa9fc8387073f4ec2cf97529c
libsndfile	1.2.2-4	pool/main/libs/libsndfile/libsndfile_1.2.2-4.dsc	2484	582a7b9cd2f7c0ada8bbbf9787e8f11d2e5778d065bb1c13644e44cdd878af83
libsndfile	1.2.2-4	pool/main/libs/libsndfile/libsndfile_1.2.2.orig.tar.gz	684875	ffe12ef8add3eaca876f04087734e6e8e029350082f3251f565fa9da55b52121
libsndfile	1.2.2-4	pool/main/libs/libsndfile/libsndfile_1.2.2-4.debian.tar.xz	29760	00796f90a34180460edf45b4d6930a004238136bd08c85b4a4c704fc30634a84
libvorbis	1.3.7-3build2	pool/main/libv/libvorbis/libvorbis_1.3.7.orig.tar.gz	1658963	0e982409a9c3fc82ee06e08205b1355e5c6aa4c36bca58146ef399621b0ce5ab
libvorbis	1.3.7-3build2	pool/main/libv/libvorbis/libvorbis_1.3.7-3build2.debian.tar.xz	11924	c7a05c3202b689517da33d23d9115a6a70f15d4f0e0ca54ef4a794698a04e81d
libvorbis	1.3.7-3build2	pool/main/libv/libvorbis/libvorbis_1.3.7-3build2.dsc	2380	4e684b983fa74cf079962f413172cfb5fb81ba4c2acdb0d164d29001f776675d
libwacom	2.18.0-1	pool/main/libw/libwacom/libwacom_2.18.0-1.dsc	2226	4deb6193cd901d6bd5bfbd39f2f4775aa18d431f5c642a815a7ddf988fa98e6d
libwacom	2.18.0-1	pool/main/libw/libwacom/libwacom_2.18.0.orig.tar.gz	245742	9038d27d9b6290d460d7c97376826adf181bfa2a8e25877ce1bc6595a604cb68
libwacom	2.18.0-1	pool/main/libw/libwacom/libwacom_2.18.0-1.debian.tar.xz	6304	68e121c4c910edbd5a203882ca283f49fae56e0e980f5306db65ef5f0ec6d914
libx11	2:1.8.13-1	pool/main/libx/libx11/libx11_1.8.13-1.dsc	2490	59a024bc689876cafcdd6532e074ae1daa7b7198e102187685224b0793696f56
libx11	2:1.8.13-1	pool/main/libx/libx11/libx11_1.8.13.orig.tar.gz	3217264	acf0e7cd7541110e6330ecb539441a2d53061f386ec7be6906dfde0de2598470
libx11	2:1.8.13-1	pool/main/libx/libx11/libx11_1.8.13.orig.tar.gz.asc	833	391221d291778f72b600104fb7907e8fb0ee61813ca5ab443bf0a0dcc3a1ce65
libx11	2:1.8.13-1	pool/main/libx/libx11/libx11_1.8.13-1.diff.gz	76915	571b7234db455a649a8ffe6599eaebb8f31e47528f21ec3caa2e255da75dd699
libxau	1:1.0.11-1build2	pool/main/libx/libxau/libxau_1.0.11.orig.tar.gz	404973	3a321aaceb803577a4776a5efe78836eb095a9e44bbc7a465d29463e1a14f189
libxau	1:1.0.11-1build2	pool/main/libx/libxau/libxau_1.0.11.orig.tar.gz.asc	358	72320a0c036cc2d36bebdd7d279c402620e2f3553f639581dfb23736803ce258
libxau	1:1.0.11-1build2	pool/main/libx/libxau/libxau_1.0.11-1build2.diff.gz	22840	18957318b721c1c0d82da7788452ad4c0af72d3ff38ca8646e9e8c2758fd1ec7
libxau	1:1.0.11-1build2	pool/main/libx/libxau/libxau_1.0.11-1build2.dsc	2208	d72615e4b8258d57d2a5f99c6af07e543f48ee4de352288804eb1ea12e0e2621
libxaw	2:1.0.16-1build1	pool/main/libx/libxaw/libxaw_1.0.16.orig.tar.gz	915371	012f90adf8739f2f023d63a5fee1528949cf2aba92ef7ac1abcfc2ae9cf28798
libxaw	2:1.0.16-1build1	pool/main/libx/libxaw/libxaw_1.0.16.orig.tar.gz.asc	659	4aa8315ff6dd23f31453f33d4caf6019fa0593c175f5d14c6bcce5c733de2b9e
libxaw	2:1.0.16-1build1	pool/main/libx/libxaw/libxaw_1.0.16-1build1.diff.gz	27004	08e2fb0a55cb4bd76af4b0fca7fa1d1f9e6424f941e80608e94cb75b432706ff
libxaw	2:1.0.16-1build1	pool/main/libx/libxaw/libxaw_1.0.16-1build1.dsc	2396	94c6bd610a22a1d83c5170df3f35193e011d0039e4494634701b2338c92c055f
libxcb	1.17.0-2ubuntu1	pool/main/libx/libxcb/libxcb_1.17.0.orig.tar.gz	661593	2c69287424c9e2128cb47ffe92171e10417041ec2963bceafb65cb3fcf8f0b85
libxcb	1.17.0-2ubuntu1	pool/main/libx/libxcb/libxcb_1.17.0-2ubuntu1.diff.gz	28420	46de9f8ac632740414a9ac96f4262b43bb33292cbdcc972236342ded9e025f15
libxcb	1.17.0-2ubuntu1	pool/main/libx/libxcb/libxcb_1.17.0-2ubuntu1.dsc	5425	fd2bcc9d51fd2f4397f8e3940b615dab53038cab5f0b5c7ca69aeae56068061a
libxcomposite	1:0.4.6-1build1	pool/main/libx/libxcomposite/libxcomposite_0.4.6.orig.tar.gz	395552	3599dfcd96cd48d45e6aeb08578aa27636fa903f480f880c863622c2b352d076
libxcomposite	1:0.4.6-1build1	pool/main/libx/libxcomposite/libxcomposite_0.4.6.orig.tar.gz.asc	801	5774dceebd9cfd3c609f96a9ca3b86b31a333318932f4e3afb6f9c93837e2483
libxcomposite	1:0.4.6-1build1	pool/main/libx/libxcomposite/libxcomposite_0.4.6-1build1.diff.gz	10635	c8aeb17c7bebfce1f191e45ae9c899bfc05eee1367377ea151e73cf76b621837
libxcomposite	1:0.4.6-1build1	pool/main/libx/libxcomposite/libxcomposite_0.4.6-1build1.dsc	2356	e77d5f62f9df3899197e3fa7c0cdfa21f8677cd82e3b18f92c84ca5db064c457
libxcursor	1:1.2.3-1build1	pool/main/libx/libxcursor/libxcursor_1.2.3.orig.tar.gz	433030	74e72da27e61cc2cfd2e267c14f500ea47775850048ee0b00362a55c9b60ee9b
libxcursor	1:1.2.3-1build1	pool/main/libx/libxcursor/libxcursor_1.2.3-1build1.debian.tar.xz	9232	8a00f0652079d0318c16636951601e7fcb32d13eb7917b992fe71bd44e707bce
libxcursor	1:1.2.3-1build1	pool/main/libx/libxcursor/libxcursor_1.2.3-1build1.dsc	2172	38947a4b583a0b0a7c816609e221c11904e98d5551469e69ae19831b0356d5d3
libxcvt	0.1.3-1build1	pool/main/libx/libxcvt/libxcvt_0.1.3.orig.tar.xz	9680	a929998a8767de7dfa36d6da4751cdbeef34ed630714f2f4a767b351f2442e01
libxcvt	0.1.3-1build1	pool/main/libx/libxcvt/libxcvt_0.1.3.orig.tar.xz.asc	833	03b20106adbd157637addd0fe7885662374ba077f63817738ac84b12bb51bc44
libxcvt	0.1.3-1build1	pool/main/libx/libxcvt/libxcvt_0.1.3-1build1.debian.tar.xz	16968	911c0c9e21893a848af20d987dacbe56ee0e71b4a11b302ae468ef0a4481b521
libxcvt	0.1.3-1build1	pool/main/libx/libxcvt/libxcvt_0.1.3-1build1.dsc	2352	632944cf7b633b28b4cc42e6cb1341e8ce8981eec263a9e04351d5f8c8bf29a5
libxdamage	1:1.1.7-1	pool/main/libx/libxdamage/libxdamage_1.1.7-1.dsc	2114	9bed743753b843ad8466a1109d023e4adacd3a668e2c6568eca6963116987a1d
libxdamage	1:1.1.7-1	pool/main/libx/libxdamage/libxdamage_1.1.7.orig.tar.xz	265336	127067f521d3ee467b97bcb145aeba1078e2454d448e8748eb984d5b397bde24
libxdamage	1:1.1.7-1	pool/main/libx/libxdamage/libxdamage_1.1.7-1.debian.tar.xz	6448	25611c18c9369598357f5aabc12e1b7948ab36dd15da0c6bec7df85d878911fb
libxdmcp	1:1.1.5-2	pool/main/libx/libxdmcp/libxdmcp_1.1.5-2.dsc	2269	c69bdf96d80bdaa2759bf32131e6ec60a5d3e397963f3b13370789dfe8704cdc
libxdmcp	1:1.1.5-2	pool/main/libx/libxdmcp/libxdmcp_1.1.5.orig.tar.gz	442597	31a7abc4f129dcf6f27ae912c3eedcb94d25ad2e8f317f69df6eda0bc4e4f2f3
libxdmcp	1:1.1.5-2	pool/main/libx/libxdmcp/libxdmcp_1.1.5.orig.tar.gz.asc	833	0c7666da02d66ab785584cd16a6f9324f0d949555734e70b3b1385e525c7860b
libxdmcp	1:1.1.5-2	pool/main/libx/libxdmcp/libxdmcp_1.1.5-2.diff.gz	10201	c64245c976c5e54214c43936aa73a7186c417f549fb0d10ee396fe34d6115196
libxext	2:1.3.4-1build3	pool/main/libx/libxext/libxext_1.3.4.orig.tar.gz	494434	8ef0789f282826661ff40a8eef22430378516ac580167da35cc948be9041aac1
libxext	2:1.3.4-1build3	pool/main/libx/libxext/libxext_1.3.4-1build3.diff.gz	12746	3396fd89de84e412bb191029872b7142ebd25044e4ddea7597f92adec956d6a9
libxext	2:1.3.4-1build3	pool/main/libx/libxext/libxext_1.3.4-1build3.dsc	2221	9384eeeebb3b39b130f98b75776b9cea69815f2476a032f4c3aa9ef79e9034b7
libxfixes	1:6.0.0-2build2	pool/main/libx/libxfixes/libxfixes_6.0.0.orig.tar.gz	387810	82045da5625350838390c9440598b90d69c882c324ca92f73af9f0e992cb57c7
libxfixes	1:6.0.0-2build2	pool/main/libx/libxfixes/libxfixes_6.0.0.orig.tar.gz.asc	195	e5598f42aa32140936c7772ab4d99ba35ecb859c29adc1703bb51440e7a54928
libxfixes	1:6.0.0-2build2	pool/main/libx/libxfixes/libxfixes_6.0.0-2build2.diff.gz	17496	d5e53994d7e42af810927740ed5d66c72c64379f47aab3d993122f4568211896
libxfixes	1:6.0.0-2build2	pool/main/libx/libxfixes/libxfixes_6.0.0-2build2.dsc	2343	b6efb125ef7de85b396b106f231ec4123c3337da78136cba8a477a58ce4948a1
libxfont	1:2.0.6-2	pool/main/libx/libxfont/libxfont_2.0.6-2.dsc	2349	246cd69945e41fb3c4e9bdba22913db468b42d0136611a612fdeb4b3805f3030
libxfont	1:2.0.6-2	pool/main/libx/libxfont/libxfont_2.0.6.orig.tar.gz	635826	a944df7b6837c8fa2067f6a5fc25d89b0acc4011cd0bc085106a03557fb502fc
libxfont	1:2.0.6-2	pool/main/libx/libxfont/libxfont_2.0.6.orig.tar.gz.asc	801	debee1347d3e220968308a87155f7ea517d531a5298e668e54dfab9bf2813d1e
libxfont	1:2.0.6-2	pool/main/libx/libxfont/libxfont_2.0.6-2.diff.gz	37301	3535282bd7a8789257515c8b233c9c384d5c3ddb4167f24aad1a8634816941aa
libxi	2:1.8.2-2	pool/main/libx/libxi/libxi_1.8.2-2.dsc	2280	89ee35b62fcfc94749f22bf1cafd97cc1eac401db2d2ce0c740f49a9ef4b1579
libxi	2:1.8.2-2	pool/main/libx/libxi/libxi_1.8.2.orig.tar.gz	611246	5542daec66febfeb6f51d57abfa915826efe2e3af57534f4105b82240ea3188d
libxi	2:1.8.2-2	pool/main/libx/libxi/libxi_1.8.2.orig.tar.gz.asc	195	acfaf42beee3690980632c5ec4d9948276da969f07beea6bd09312d63fa7fb45
libxi	2:1.8.2-2	pool/main/libx/libxi/libxi_1.8.2-2.diff.gz	28551	b1dbd22fac83e329ea0f1082575b80310871aaa21aa9ebe23fe31dd6104a6c59
libxkbcommon	1.13.1-1	pool/main/libx/libxkbcommon/libxkbcommon_1.13.1-1.dsc	2812	c91012642eaa49c35e630be3be1cc56b96d25eeb20a06dbe4bdbf529c19e7913
libxkbcommon	1.13.1-1	pool/main/libx/libxkbcommon/libxkbcommon_1.13.1.orig.tar.gz	1234757	6802621c81b674e468d2346a8f6d9a48ba5c154b72434a1c9e1a3eaa29f36fb5
libxkbcommon	1.13.1-1	pool/main/libx/libxkbcommon/libxkbcommon_1.13.1-1.debian.tar.xz	8628	7fd4bf7ebfc4c0c8f5bf75b59f9ad8c697618f07ed52feff135113c4ab2d56c9
libxkbfile	1:1.1.0-1build5	pool/main/libx/libxkbfile/libxkbfile_1.1.0.orig.tar.gz	441021	2a92adda3992aa7cbad758ef0b8dfeaedebb49338b772c64ddf369d78c1c51d3
libxkbfile	1:1.1.0-1build5	pool/main/libx/libxkbfile/libxkbfile_1.1.0.orig.tar.gz.asc	801	998e90cb1bf5cff3386ea0c1715370fd9753c4bfdb49e81c9131de6ba60aa1fa
libxkbfile	1:1.1.0-1build5	pool/main/libx/libxkbfile/libxkbfile_1.1.0-1build5.diff.gz	10356	682d43ec41f7de710e88766bfecca73f33294e360f08b5552e94ed532fa7de24
libxkbfile	1:1.1.0-1build5	pool/main/libx/libxkbfile/libxkbfile_1.1.0-1build5.dsc	2382	75d1cf78a20d573788cdc5fbc598d4460daf5cf5757c51cb1c62c455ad74f276
libxml2	2.15.2+dfsg-0.1	pool/main/libx/libxml2/libxml2_2.15.2+dfsg-0.1.dsc	3135	0566b1577d262cae50587a57ac5de746cc7e7b36e33c8351782d88a53cc8a341
libxml2	2.15.2+dfsg-0.1	pool/main/libx/libxml2/libxml2_2.15.2+dfsg.orig.tar.xz	2154608	f1e80b8c76041d45840b96da2a5c0ddfb7ffcc923ef6687260e7ebb0fdaa26a5
libxml2	2.15.2+dfsg-0.1	pool/main/libx/libxml2/libxml2_2.15.2+dfsg-0.1.debian.tar.xz	36120	c58645a5c10a351cda92c0e145e96c754ec061bb4363f09d18f951693997369e
libxmu	2:1.1.3-4	pool/main/libx/libxmu/libxmu_1.1.3-4.dsc	2112	3b7d461d87f3014f7df3f4f51470a2ddb8b77885aae9b8d5938a6623d93d813f
libxmu	2:1.1.3-4	pool/main/libx/libxmu/libxmu_1.1.3.orig.tar.gz	497343	5bd9d4ed1ceaac9ea023d86bf1c1632cd3b172dce4a193a72a94e1d9df87a62e
libxmu	2:1.1.3-4	pool/main/libx/libxmu/libxmu_1.1.3-4.diff.gz	11594	abcb5c9c31498e3a1a62bd799c902615e7a3485bd4faf98a95b1f0bf2ad53deb
libxpm	1:3.5.17-1build3	pool/main/libx/libxpm/libxpm_3.5.17.orig.tar.gz	687199	959466c7dfcfcaa8a65055bfc311f74d4c43d9257900f85ab042604d286df0c6
libxpm	1:3.5.17-1build3	pool/main/libx/libxpm/libxpm_3.5.17.orig.tar.gz.asc	833	4a08ee4d18be1ffbbe69791a5c95471159b44a0cc7a5a30b0d46ae1eca1ebf2f
libxpm	1:3.5.17-1build3	pool/main/libx/libxpm/libxpm_3.5.17-1build3.diff.gz	49673	6595066e50a962f7242a120a0174e27ecb32724b4e4c78f778aa60385d32f707
libxpm	1:3.5.17-1build3	pool/main/libx/libxpm/libxpm_3.5.17-1build3.dsc	2345	1de305749515c31573606612375bb53cac7e6427ba5568e129a4fa90cc13a28f
libxrandr	2:1.5.4-1build1	pool/main/libx/libxrandr/libxrandr_1.5.4.orig.tar.gz	421566	c72c94dc3373512ceb67f578952c5d10915b38cc9ebb0fd176a49857b8048e22
libxrandr	2:1.5.4-1build1	pool/main/libx/libxrandr/libxrandr_1.5.4.orig.tar.gz.asc	833	2444694037ee4dc16f1886962a429516682011bbe12e3ca2c59342cbe91fa400
libxrandr	2:1.5.4-1build1	pool/main/libx/libxrandr/libxrandr_1.5.4-1build1.diff.gz	21406	5020cd3e92a586cebf7b3eeb8f5776841356283c3c3b57612bba7cc4e53a08b6
libxrandr	2:1.5.4-1build1	pool/main/libx/libxrandr/libxrandr_1.5.4-1build1.dsc	2346	cb18c554ec6aba14a67ea8e41581ab8d34765a7e77e2a1ec6c0dd07490d128c3
libxrender	1:0.9.12-1build1	pool/main/libx/libxrender/libxrender_0.9.12.orig.tar.gz	450034	0fff64125819c02d1102b6236f3d7d861a07b5216d8eea336c3811d31494ecf7
libxrender	1:0.9.12-1build1	pool/main/libx/libxrender/libxrender_0.9.12.orig.tar.gz.asc	833	0bbd310ac3974ef398cf4d8a4b362b0b4d60ceb43e6eba393c3cc740b03816fc
libxrender	1:0.9.12-1build1	pool/main/libx/libxrender/libxrender_0.9.12-1build1.diff.gz	21468	473c174d5df6c9378e52d092909acf42bdbd453af419893df6414294619649ac
libxrender	1:0.9.12-1build1	pool/main/libx/libxrender/libxrender_0.9.12-1build1.dsc	2282	84d74d1d04750e0742521f453635b0b092b5fb13cdf3aa00c1360c6db2d68e42
libxres	2:1.2.1-1build2	pool/main/libx/libxres/libxres_1.2.1.orig.tar.gz	381173	918fb33c3897b389a1fbb51571c5c04c6b297058df286d8b48faa5af85e88bcc
libxres	2:1.2.1-1build2	pool/main/libx/libxres/libxres_1.2.1-1build2.debian.tar.xz	6348	047e7db08f326acda55e48917fe35d657f1f5d597bfd26be095e19534b149d20
libxres	2:1.2.1-1build2	pool/main/libx/libxres/libxres_1.2.1-1build2.dsc	2181	d6378ff3fe30133a9cdac1fec44ce1ff879ceb02be9337be0b2b932d78d2400d
libxshmfence	1.3.3-1build1	pool/main/libx/libxshmfence/libxshmfence_1.3.3.orig.tar.gz	402414	6233ccd9fa80198835efc3039cdf8086ab2b218b17e77ebdb0a19913fcee58d3
libxshmfence	1.3.3-1build1	pool/main/libx/libxshmfence/libxshmfence_1.3.3.orig.tar.gz.asc	833	38d8dea031c58aee780117d8c1ab17569580b7ee4de2876ce3753dc7526da67d
libxshmfence	1.3.3-1build1	pool/main/libx/libxshmfence/libxshmfence_1.3.3-1build1.diff.gz	18903	3fce24dfd1de07065b3b8c3d03fffdea58ff52dbff7e73ce79233d8a33d2ad2a
libxshmfence	1.3.3-1build1	pool/main/libx/libxshmfence/libxshmfence_1.3.3-1build1.dsc	2440	75b256bae639ee146b92fcc1d62918c2f91a027f52230152454132f6a38a5351
libxss	1:1.2.3-1build4	pool/main/libx/libxss/libxss_1.2.3.orig.tar.gz	385215	4f74e7e412144591d8e0616db27f433cfc9f45aae6669c6c4bb03e6bf9be809a
libxss	1:1.2.3-1build4	pool/main/libx/libxss/libxss_1.2.3.orig.tar.gz.asc	705	4e900524d56c8e7263365267efa91bb3671110c9eb28ccab58f70e2188f0b91b
libxss	1:1.2.3-1build4	pool/main/libx/libxss/libxss_1.2.3-1build4.diff.gz	7452	16eb456980adf2b0073f2eb766b086db70cca3f88b2ae73a3d78c87dc33c6b93
libxss	1:1.2.3-1build4	pool/main/libx/libxss/libxss_1.2.3-1build4.dsc	2306	1dced19a1c020ef94e9894efbf0595b85f2f4bd24b1f88c20b42382258e19696
libxt	1:1.2.1-1.3build1	pool/main/libx/libxt/libxt_1.2.1.orig.tar.gz	1024473	6da1bfa9dd0ed87430a5ce95b129485086394df308998ebe34d98e378e3dfb33
libxt	1:1.2.1-1.3build1	pool/main/libx/libxt/libxt_1.2.1.orig.tar.gz.asc	358	da406cc94c25ca6773bb37c2055e2eb5665491f7ca6dfc9ea04f0f30ea3fd098
libxt	1:1.2.1-1.3build1	pool/main/libx/libxt/libxt_1.2.1-1.3build1.diff.gz	46528	0f06ed1421b13a868e11aff64e54ab2b50c60ab8c46e729fada99ec9d7d5b04d
libxt	1:1.2.1-1.3build1	pool/main/libx/libxt/libxt_1.2.1-1.3build1.dsc	2383	84f556ef23caa97914ac7b10e2bade0dc81a017b169d72f438fd9d023a670d4e
libxtst	2:1.2.5-1build1	pool/main/libx/libxtst/libxtst_1.2.5.orig.tar.gz	441257	244ba6e1c5ffa44f1ba251affdfa984d55d99c94bb925a342657e5e7aaf6d39c
libxtst	2:1.2.5-1build1	pool/main/libx/libxtst/libxtst_1.2.5.orig.tar.gz.asc	833	d2d8a029e6fbe2c1ebacafd6ee78bc2f41ea04440327011891145a088e0bc64e
libxtst	2:1.2.5-1build1	pool/main/libx/libxtst/libxtst_1.2.5-1build1.diff.gz	16774	bbfde030eeee5d81e13c138ea3f9633a973b065991a4bea3a1a4b78678ff6120
libxtst	2:1.2.5-1build1	pool/main/libx/libxtst/libxtst_1.2.5-1build1.dsc	2357	bb6a6d9dbbb77d182e2f629df9f45748a2e8a19dc619dbc5f9de4f392ce2e240
libxxf86vm	1:1.1.4-2	pool/main/libx/libxxf86vm/libxxf86vm_1.1.4-2.dsc	2033	9a5cd7d902e445ae2e5ff9e5491a188bf2fff53420ee6e6a49546f697eac9f11
libxxf86vm	1:1.1.4-2	pool/main/libx/libxxf86vm/libxxf86vm_1.1.4.orig.tar.gz	363146	5108553c378a25688dcb57dca383664c36e293d60b1505815f67980ba9318a99
libxxf86vm	1:1.1.4-2	pool/main/libx/libxxf86vm/libxxf86vm_1.1.4-2.debian.tar.xz	10188	120e8168c269d030d2c02fcaad1ae3b80227df2474289dab6cf2c1c22a1c1983
libyuv	0.0.1922.20260106-1	pool/main/liby/libyuv/libyuv_0.0.1922.20260106-1.dsc	2322	0c1b89d41c27972d9827656f03f125f35d9c7b4aa197d50753f4bc2ecff9f918
libyuv	0.0.1922.20260106-1	pool/main/liby/libyuv/libyuv_0.0.1922.20260106.orig.tar.xz	383440	1212f6fd9001d8c06d665416443f7f3cfae85ff34ad3642df179f035a4b69692
libyuv	0.0.1922.20260106-1	pool/main/liby/libyuv/libyuv_0.0.1922.20260106-1.debian.tar.xz	7212	c5919ebdd494fc86de6edb05ef32e8b58ecc61ba368b3de209eb8b8379c2c78b
llvm-toolchain-21	1:21.1.8-6ubuntu1	pool/main/l/llvm-toolchain-21/llvm-toolchain-21_21.1.8.orig.tar.xz	184897296	d983d6b6ffce1d413a1910a9fd00f794bb99a5ae4c4e7d23d18a99254640f4eb
llvm-toolchain-21	1:21.1.8-6ubuntu1	pool/main/l/llvm-toolchain-21/llvm-toolchain-21_21.1.8-6ubuntu1.debian.tar.xz	175888	4b569b7f7bbadb83e75e37bb810ffffffa0fcdc4e02a51d6ddf7d10162a05a7d
llvm-toolchain-21	1:21.1.8-6ubuntu1	pool/main/l/llvm-toolchain-21/llvm-toolchain-21_21.1.8-6ubuntu1.dsc	14530	2c11b3229557161cf15054b30627765b274fda20c7294878b10eb3cc050bc6e9
lm-sensors	1:3.6.2-2build1	pool/main/l/lm-sensors/lm-sensors_3.6.2.orig.tar.gz	292327	c6a0587e565778a40d88891928bf8943f27d353f382d5b745a997d635978a8f0
lm-sensors	1:3.6.2-2build1	pool/main/l/lm-sensors/lm-sensors_3.6.2-2build1.debian.tar.xz	35016	5687c29f5a5ac246e23007e3e9565c593723e7e69c67e243434eacbf7a21e72c
lm-sensors	1:3.6.2-2build1	pool/main/l/lm-sensors/lm-sensors_3.6.2-2build1.dsc	2189	8c33e81e346088b3c89841d883ac3a28a8feb09b0223a04d568fddf747244437
luajit	2.1.0+openresty20251030-1	pool/universe/l/luajit/luajit_2.1.0+openresty20251030-1.dsc	2585	37e86ebf0e4b563c250c8e88214d571f4c7fc78c905eb95e3e698d7930eb2f1f
luajit	2.1.0+openresty20251030-1	pool/universe/l/luajit/luajit_2.1.0+openresty20251030.orig.tar.xz	737004	04106b57bb3b089ce21ae606163c6fbd260f245580cfeb45484201fd86835190
luajit	2.1.0+openresty20251030-1	pool/universe/l/luajit/luajit_2.1.0+openresty20251030-1.debian.tar.xz	97184	4358c4deced139ec614931810333724943d644d4ed8f47665910389f186ca09b
mesa	26.0.3-1ubuntu1	pool/main/m/mesa/mesa_26.0.3.orig.tar.xz	43855948	ddb7443d328e89aa45b4b6b80f077bf937f099daeca8ba48cabe32aab769e134
mesa	26.0.3-1ubuntu1	pool/main/m/mesa/mesa_26.0.3.orig.tar.xz.asc	488	bd65d09b963df2acd5734d3a30c9084e86c4f41296bc07363fa99f976b07ab27
mesa	26.0.3-1ubuntu1	pool/main/m/mesa/mesa_26.0.3-1ubuntu1.debian.tar.xz	106628	010bb3c0beac97d1b298ae0943feb811445ab20c2b2e853c62bf515f72eb5960
mesa	26.0.3-1ubuntu1	pool/main/m/mesa/mesa_26.0.3-1ubuntu1.dsc	6043	d55740730ed97a89c174dee72cc72353148831be9ea214fe4a8d473cd22de144
mpg123	1.33.3-2	pool/main/m/mpg123/mpg123_1.33.3-2.dsc	2047	beebaa290a91ffb665898a53bc0cd11b8f614d2495958c687272469acfd2f6c7
mpg123	1.33.3-2	pool/main/m/mpg123/mpg123_1.33.3.orig.tar.bz2	1121537	6a0c6472dd156e213c2068f40115ebbb73978c2d873e66bae2a250e2d2198d26
mpg123	1.33.3-2	pool/main/m/mpg123/mpg123_1.33.3.orig.tar.bz2.asc	566	4c0d9e6164ab293a294662b16972399bc4ad5e4ea383f10072e9eb5dd9cd57ca
mpg123	1.33.3-2	pool/main/m/mpg123/mpg123_1.33.3-2.debian.tar.xz	25752	0c16070401230335d8a7a772feb3e642ec2856a8dfa9533716edf31a1e6579c8
mtdev	1.1.7-1build1	pool/main/m/mtdev/mtdev_1.1.7.orig.tar.gz	369052	a55bd02a9af4dd266c0042ec608744fff3a017577614c057da09f1f4566ea32c
mtdev	1.1.7-1build1	pool/main/m/mtdev/mtdev_1.1.7-1build1.debian.tar.xz	6424	0445d9a17ef20e21302ce5eaeb32149b17896fe8612a3e2dd9db665c35dfb80d
mtdev	1.1.7-1build1	pool/main/m/mtdev/mtdev_1.1.7-1build1.dsc	2059	595d0c2592830e04031fba877fe219263a367e6bb81e5150a9d01f3b1a5387fa
openvr	2.12.1~ds1-1	pool/multiverse/o/openvr/openvr_2.12.1~ds1-1.dsc	2175	bad5feff5de106415e7e1e86d51179994cb755278b3e32133dabf54fb564a0c9
openvr	2.12.1~ds1-1	pool/multiverse/o/openvr/openvr_2.12.1~ds1.orig.tar.xz	1094756	4fb9d2ce518cfe2cd29d6fac968066f5407f52d008f6a4d17192f401e678260f
openvr	2.12.1~ds1-1	pool/multiverse/o/openvr/openvr_2.12.1~ds1-1.debian.tar.xz	47764	2e14e6f0def0ab9c25edf497b5ecb6d7c2e67240370d7beb8e867855a43bb810
opus	1.6.1-1	pool/main/o/opus/opus_1.6.1-1.dsc	2436	41d4a0cec7ee0abd138291090ccb896c4b521efa565ef4ca7795232fe92ce30f
opus	1.6.1-1	pool/main/o/opus/opus_1.6.1.orig.tar.xz	8851016	001ac615b9f8f8994b229ad2b1a5969ed12ab48b0d154d0af1016a5899cd6ba1
opus	1.6.1-1	pool/main/o/opus/opus_1.6.1-1.debian.tar.xz	110512	0613ffeffc0590c1ff2a621ecb408213d99f7de438e13b7d80c159e79eb303b8
pipewire	1.6.2-1ubuntu1	pool/main/p/pipewire/pipewire_1.6.2.orig.tar.gz	2743620	13eaaf67558ddccf3d61ab7826f202d53538de422b015dd841ec92e1b7f5c0d8
pipewire	1.6.2-1ubuntu1	pool/main/p/pipewire/pipewire_1.6.2-1ubuntu1.debian.tar.xz	33208	05c4d54034f6cdf7611356883b1eb5d72fe366060861f5c27e6bcbfe0d9f9380
pipewire	1.6.2-1ubuntu1	pool/main/p/pipewire/pipewire_1.6.2-1ubuntu1.dsc	5128	136eba6dcbf838fd066acee229759532315fa491023d31d8c77e02c835de25a9
pixman	0.46.4-1	pool/main/p/pixman/pixman_0.46.4-1.dsc	2019	cb83e2f57bff31103db1d6248cacf07862cf060fcbd651b03bdd4cafb61df62c
pixman	0.46.4-1	pool/main/p/pixman/pixman_0.46.4.orig.tar.gz	827198	d09c44ebc3bd5bee7021c79f922fe8fb2fb57f7320f55e97ff9914d2346a591c
pixman	0.46.4-1	pool/main/p/pixman/pixman_0.46.4-1.diff.gz	9639	6e642aa9ca3c9e36d66ac3680a7b63daa73991f8e04429be45841109ddd996b4
pulseaudio	1:17.0+dfsg1-2ubuntu4	pool/main/p/pulseaudio/pulseaudio_17.0+dfsg1.orig.tar.xz	1459260	24a25d3cf8fcede801f6b3d05ca6d22b0a43ad2f710a4fbf2ec251debc9cff5b
pulseaudio	1:17.0+dfsg1-2ubuntu4	pool/main/p/pulseaudio/pulseaudio_17.0+dfsg1-2ubuntu4.debian.tar.xz	96216	629bb884598d25622d12518379548ae66fa5c5101fb08e47cd834c89f471a006
pulseaudio	1:17.0+dfsg1-2ubuntu4	pool/main/p/pulseaudio/pulseaudio_17.0+dfsg1-2ubuntu4.dsc	3940	1cf3f62b1c267e09e5c85aee158678206f578ef4662b86427b528e06d2fda551
seatd	0.9.2-2	pool/universe/s/seatd/seatd_0.9.2-2.dsc	2033	bddb61b617bec6d4a956a9f194ff3b95cb410fa37074134badac0c9080df47f8
seatd	0.9.2-2	pool/universe/s/seatd/seatd_0.9.2.orig.tar.gz	41920	2811654fc87b3b1877f62e69cbf1e761c7072146f127860d9b8fe1ca27607d0e
seatd	0.9.2-2	pool/universe/s/seatd/seatd_0.9.2-2.debian.tar.xz	7400	3eb3b6a86d30a7ed33094d63bdf759f3c992aad204215dda2d70f10bb40cccbd
vulkan-loader	1.4.341.0-1	pool/main/v/vulkan-loader/vulkan-loader_1.4.341.0-1.dsc	2243	d7dc15bff3e96ba8a486141f377709c23dcec8ff56130b70fd6b7f8b135e6ad8
vulkan-loader	1.4.341.0-1	pool/main/v/vulkan-loader/vulkan-loader_1.4.341.0.orig.tar.xz	3192216	a022ed880ae99c91ed6aca34c2e6551a163617666034f0eeb9b9efdd54a272a6
vulkan-loader	1.4.341.0-1	pool/main/v/vulkan-loader/vulkan-loader_1.4.341.0-1.debian.tar.xz	9592	f82f05c90483ac619c89be664ca79cfd75c8c9746db4cb50398e14a907aa86c8
wayland	1.24.0-2	pool/main/w/wayland/wayland_1.24.0-2.dsc	2650	b8423e8a1c51b18eadab45961bd625cadecf240dc02150c91f6f5e3218867f24
wayland	1.24.0-2	pool/main/w/wayland/wayland_1.24.0.orig.tar.gz	376855	c6d416e207d4d80d2577c316ce1554062b37f6e8776f81f25fb4f5a3515590f7
wayland	1.24.0-2	pool/main/w/wayland/wayland_1.24.0-2.diff.gz	16592	0947ab20c285766c217d7ede8de0242796250eb98b690b22cae8e7103295fd81
webrtc-audio-processing	1.3-3build2	pool/main/w/webrtc-audio-processing/webrtc-audio-processing_1.3.orig.tar.gz	879768	95552fc17faa0202133707bbb3727e8c2cf64d4266fe31bfdb2298d769c1db75
webrtc-audio-processing	1.3-3build2	pool/main/w/webrtc-audio-processing/webrtc-audio-processing_1.3-3build2.debian.tar.xz	15936	3db5af9522791c586e2a7c3a5f352a3a8754111d8e340f583bdfb9bd74cd9777
webrtc-audio-processing	1.3-3build2	pool/main/w/webrtc-audio-processing/webrtc-audio-processing_1.3-3build2.dsc	2482	3f1c0570f67f02e1d6b9c050aa345e8f26702cbef1dd4d9ec44e85166111e40b
wlroots	0.19.2-1	pool/universe/w/wlroots/wlroots_0.19.2-1.dsc	2918	5ecb5f88216a2e96e4f891db85cdab6dd013e869f1db7d8a0dbf763780752bf7
wlroots	0.19.2-1	pool/universe/w/wlroots/wlroots_0.19.2.orig.tar.bz2	501332	804bd3eab10f03556628c4e977351b0b1b17bc34084342dfaff5086c54ce1fa0
wlroots	0.19.2-1	pool/universe/w/wlroots/wlroots_0.19.2-1.debian.tar.xz	10076	dc443eff4b5a6cfd109c226774191036b20c4485bbb582afc69b76ef0024b000
x11-xkb-utils	7.7+9build1	pool/main/x/x11-xkb-utils/x11-xkb-utils_7.7+9build1.tar.xz	356024	2f7fee7b72120f32dcad6bf8f49d00994d064cdbe5aaffc93920356a3c84cdd8
x11-xkb-utils	7.7+9build1	pool/main/x/x11-xkb-utils/x11-xkb-utils_7.7+9build1.dsc	1788	93064cb419e41a0439b37c6a852d10f11bde2a254d85b2ddbb942bd405d3e3fd
xcb-util-errors	1.0.1-4build1	pool/universe/x/xcb-util-errors/xcb-util-errors_1.0.1.orig.tar.xz	268052	5628c87b984259ad927bacd8a42958319c36bdf4b065887803c9d820fb80f357
xcb-util-errors	1.0.1-4build1	pool/universe/x/xcb-util-errors/xcb-util-errors_1.0.1.orig.tar.xz.asc	801	7497bc763674dcfe31b5bb9084b15a0110595b1b91f49bf217c2aa6c9036191c
xcb-util-errors	1.0.1-4build1	pool/universe/x/xcb-util-errors/xcb-util-errors_1.0.1-4build1.debian.tar.xz	3260	6b619347d56a1b01958e9ed9d1a4709725fd17835b6299f59b848e007d8fa763
xcb-util-errors	1.0.1-4build1	pool/universe/x/xcb-util-errors/xcb-util-errors_1.0.1-4build1.dsc	2742	856fc59511c169e63522a8ae50f5fc39c823dda46d6fafd63ecfdde81781a468
xcb-util-renderutil	0.3.10-1build1	pool/universe/x/xcb-util-renderutil/xcb-util-renderutil_0.3.10.orig.tar.xz	262028	3e15d4f0e22d8ddbfbb9f5d77db43eacd7a304029bf25a6166cc63caa96d04ba
xcb-util-renderutil	0.3.10-1build1	pool/universe/x/xcb-util-renderutil/xcb-util-renderutil_0.3.10-1build1.debian.tar.xz	4548	de041966b73f3ad006048e724a1c3972c3783b810186975b7c7afce7a641b9f7
xcb-util-renderutil	0.3.10-1build1	pool/universe/x/xcb-util-renderutil/xcb-util-renderutil_0.3.10-1build1.dsc	2177	26e87757cc3d0687592ecd8eb8460cf2d80ebbb36613c1413f031f6317dfbf10
xcb-util-wm	0.4.2-1build1	pool/universe/x/xcb-util-wm/xcb-util-wm_0.4.2.orig.tar.xz	285152	62c34e21d06264687faea7edbf63632c9f04d55e72114aa4a57bb95e4f888a0b
xcb-util-wm	0.4.2-1build1	pool/universe/x/xcb-util-wm/xcb-util-wm_0.4.2-1build1.debian.tar.xz	4572	bb094d6815fd208e8d2d65cbe123d38f8c90a1038b5c96006d0c41360ae56e3b
xcb-util-wm	0.4.2-1build1	pool/universe/x/xcb-util-wm/xcb-util-wm_0.4.2-1build1.dsc	2197	8a7eb51805614974a431a9974351775e37672c3e97c6f4f5f63bb14d2ca168ad
xorg	1:7.7+26ubuntu1	pool/main/x/xorg/xorg_7.7+26ubuntu1.tar.xz	241928	d717a18530248d8d90e1ac850a8d39d2e1ba6eded0cc1288f74fa606ffd929d1
xorg	1:7.7+26ubuntu1	pool/main/x/xorg/xorg_7.7+26ubuntu1.dsc	2047	988f673a4ca56463796a3b31ec9a3c11b9eeae1c38a1e31d51f171168c4d3abe
xorg-server	2:21.1.22-1ubuntu1	pool/main/x/xorg-server/xorg-server_21.1.22.orig.tar.gz	9024745	f8e4f677b313642d9e175b7c69a8aa5453b85636166407232e8b55870c700fa0
xorg-server	2:21.1.22-1ubuntu1	pool/main/x/xorg-server/xorg-server_21.1.22.orig.tar.gz.asc	195	169ccdded7c810c21945362ce1f6e66cfb4e21f923c6960718e9df107cad915f
xorg-server	2:21.1.22-1ubuntu1	pool/main/x/xorg-server/xorg-server_21.1.22-1ubuntu1.diff.gz	242346	dc05bc17615eb3a8e4cbc0e9241c37b2c3dd3422a18493f5f336a16181f72e04
xorg-server	2:21.1.22-1ubuntu1	pool/main/x/xorg-server/xorg-server_21.1.22-1ubuntu1.dsc	4417	3591cab209efb59179285ce151a4c3b63de64822bcbab4f30ee2653241264fb8
xwayland	2:24.1.10-1	pool/main/x/xwayland/xwayland_24.1.10-1.dsc	2564	1c6f56f5d8427be7dcf3331b087dea49ec4b0a4dfd990b0f7ce6352c3ff3eb4c
xwayland	2:24.1.10-1	pool/main/x/xwayland/xwayland_24.1.10.orig.tar.xz	1305612	459762be8ea046c94386687d77a87add6073868bee14f02913eafebb945b7aa0
xwayland	2:24.1.10-1	pool/main/x/xwayland/xwayland_24.1.10.orig.tar.xz.asc	195	39200f7bef1ed842bd05f3d7dbcb502ab3ee2b497124096d81bfe9e34ffc1689
xwayland	2:24.1.10-1	pool/main/x/xwayland/xwayland_24.1.10-1.debian.tar.xz	35556	c9bd8b8b54ea0b808717dbcbb5c63eb7eb1db3308f0a71bf7f965d2ded77a384
